category,title,description,og:url,start_time,end_time,latitude,longitude,image,event_id,category_ai,category_1,category_2,category_3
Charity & Social Causes,"Kissed a Ghoul, Liked It: Diversity in Paranormal Romance Author Panel","Hear from a panel of authors about writing trans, queer, plus-size, and disabled main characters in paranormal romance!",https://www.eventbrite.com/e/kissed-a-ghoul-liked-it-diversity-in-paranormal-romance-author-panel-tickets-1607191967439,2025-10-26T15:00:00-04:00,2025-10-26 17:00:00-04:00,42.3895917,-71.10617839999999,https://cdn.evbuc.com/images/1117003563/2869852827521/1/logo.20250908-013542,1607191967439,"Community & Culture, Education",Community & Culture,Education,
Community & Culture,Ultimate New York Food & Culture Tour™ in the Village  $73.99 - Small Group,Ultimate New York Food & Culture Tour™ in the Village  $73.99 - Small Group,https://www.eventbrite.com/e/ultimate-new-york-food-culture-tourtm-in-the-village-7399-small-group-tickets-14814904779,2014-12-08T14:45:00-05:00,2026-03-15 14:30:00-04:00,40.7316603,-74.00314049999997,https://img.evbuc.com/https%3A%2F%2Fcdn.evbuc.com%2Fimages%2F137947361%2F1365761876%2F1%2Foriginal.jpg?w=1000&auto=format%2Ccompress&q=75&sharp=10&rect=0%2C0%2C246%2C123&s=d3ae336da14228aa775f01e318ed5cd5,14814904779,"Food & Drink
Community & Culture
Education",Community & Culture,,
Community & Culture,NYC Language & Culture Social – Every Friday @ 7PM,"meet new people from all over the world (and the city) who love languages, learning, and culture",https://www.eventbrite.com/e/nyc-language-culture-social-every-friday-7pm-tickets-1507737697039,2025-07-25T19:00:00-04:00,2028-09-22 21:00:00-04:00,40.70986449999999,-74.00874859999999,https://cdn.evbuc.com/images/1082246403/2839999758671/1/logo.20250727-203558,1507737697039,"Community & Culture, Education, Nightlife & Parties",Community & Culture,Education,Nightlife & Parties
Online,NYC Online Speed Dating (56+ age group),Meet someone special and have fun connecting with new people!,https://www.eventbrite.com/e/nyc-online-speed-dating-56-age-group-tickets-1339454016019,2025-05-02T20:00:00-04:00,2025-12-26 22:00:00-05:00,40.7097781,-74.00982710000001,https://cdn.evbuc.com/images/1016449273/2735577796041/1/logo.20250425-023030,1339454016019,"Dating, Community & Culture, Nightlife & Parties",Dating,Community & Culture,Nightlife & Parties
Online,NYC Singles Online Trivia Night - A Fun Speed Dating Alternative,* New York City Online Singles Trivia Night * Spots Are Limited And Will Likely Sell Out So Get Your Ticket ASAP *,https://www.eventbrite.com/e/nyc-singles-online-trivia-night-a-fun-speed-dating-alternative-tickets-1269852475939,2025-04-01T21:30:00-04:00,2025-10-14 21:00:00-04:00,40.7127753,-74.0059728,https://cdn.evbuc.com/images/975367383/1924315149053/1/logo.20250304-225922,1269852475939,"Dating
Community & Culture
Education",Online,,
Food & Drink,"Original E. Village Food & Culture Tour™-diverse tastings, sm group $73.99","Original E. Village Food & Culture Tour™-diverse tastings, sm group $73.99",https://www.eventbrite.com/e/original-e-village-food-culture-tourtm-diverse-tastings-sm-group-7399-tickets-14812956953,2014-12-08T11:30:00-05:00,2026-03-15 14:30:00-04:00,40.7298027,-73.98919760000001,https://img.evbuc.com/https%3A%2F%2Fcdn.evbuc.com%2Fimages%2F137947913%2F1365761876%2F1%2Foriginal.jpg?w=1000&auto=format%2Ccompress&q=75&sharp=10&rect=0%2C20%2C1020%2C510&s=33dcd8c7a6c1a5f73ea42d4bccf6bfdf,14812956953,"Food & Drink, Community & Culture, Education",Food & Drink,Community & Culture,Education
Food & Drink,"Famous Food Festival "" Taste the World"" Long Island, NY - Fall 2025","Explore global cuisine from 80+ vendors, live music, rides & family-friendly fun at Famous Food Festival!",https://www.eventbrite.com/e/famous-food-festival-taste-the-world-long-island-ny-fall-2025-tickets-1397222643539,2025-10-10T13:00:00-04:00,2025-10-13 20:00:00-04:00,40.7648192,-73.30438049999998,https://cdn.evbuc.com/images/1135712223/1087008938383/1/logo.20250925-210213,1397222643539,"Food & Drink
Community & Culture
Music",Food & Drink,,
Dating,Tantra Speed Date® - New York! (Meet Singles Speed Dating),"Join the speed dating revolution with a 94% connection rate! Meet singles and ignite sparks with fun, chemistry games!",https://www.eventbrite.com/e/tantra-speed-date-new-york-meet-singles-speed-dating-tickets-1375684291749,2025-11-15T17:30:00-05:00,2025-11-15 20:30:00-05:00,40.7216756,-74.0005206,https://img.evbuc.com/https%3A%2F%2Fcdn.evbuc.com%2Fimages%2F574128479%2F1493533057%2F1%2Foriginal.20230812-192929?w=1000&auto=format%2Ccompress&q=75&sharp=10&rect=0%2C170%2C2048%2C1024&s=104aef40fd0626602d8963e4750a539a,1375684291749,"Dating, Community & Culture, Nightlife & Parties",Dating,Community & Culture,Nightlife & Parties
Community & Culture,The Feels Queer edition 11: an event for LGBTQIA+ love seekers in NYC,An conscious dating event for those in search of deeper connection.,https://www.eventbrite.com/e/the-feels-queer-edition-11-an-event-for-lgbtqia-love-seekers-in-nyc-tickets-1568383289639,2025-10-08T18:30:00-04:00,2025-10-08 21:30:00-04:00,40.7176017,-73.9997659,https://cdn.evbuc.com/images/1090975973/2042575305683/1/logo.20250808-000840,1568383289639,"Dating, Community & Culture",Dating,Community & Culture,
Comedy & Performance,Big Wave Comedy Show: New York Citys Best Intimate Stand Up Comedy Show,Big Wave Comedy is a New York Citys BEST weekly intimate Stand Up Comedy Show happening at Ten Degrees Bar in the East Village.,https://www.eventbrite.com/e/big-wave-comedy-show-new-york-citys-best-intimate-stand-up-comedy-show-tickets-567396166207,2023-03-07T19:30:00-05:00,2025-12-16 21:30:00-05:00,40.7269523,-73.983437,https://img.evbuc.com/https%3A%2F%2Fcdn.evbuc.com%2Fimages%2F457697049%2F566721215201%2F1%2Foriginal.20230301-042537?w=1000&auto=format%2Ccompress&q=75&sharp=10&rect=268%2C124%2C1644%2C822&s=e32ecd30788d7a899ee18e5fb50593bb,567396166207,"Comedy & Performance
Nightlife & Parties
Community & Culture",Comedy & Performance,,
Comedy & Performance,Laugh It Off: Stand Up Comedy in the East Village,Not your average comedy show! Audience members tell us their problems and NYCs best stand up comedians attempt to fix them.,https://www.eventbrite.com/e/laugh-it-off-stand-up-comedy-in-the-east-village-tickets-1226474039869,2025-02-28T20:00:00-05:00,2025-12-05 21:30:00-05:00,40.7247191,-73.9817288,https://cdn.evbuc.com/images/948113533/26754969909/1/logo.20250129-233652,1226474039869,"Comedy & Performance, Community & Culture, Nightlife & Parties",Comedy & Performance,Community & Culture,Nightlife & Parties
Comedy & Performance,Comedy Show + Complimentary Mini-Golf!,"Enjoy an evening of  stand-up featuring comedians you’ve seen on Netflix, HBO, and Comedy Central. Plus Food, Cocktails, Rooftop views!",https://www.eventbrite.com/e/comedy-show-complimentary-mini-golf-tickets-1028534082127,2024-10-05T19:00:00-04:00,2026-08-01 22:30:00-04:00,40.7415865,-74.0075955,https://cdn.evbuc.com/images/1070113143/110558941863/1/logo.20250709-183158,1028534082127,"Comedy & Performance, Food & Drink, Nightlife & Parties
Comedy & Performance, Health & Fitness",Comedy & Performance,Food & Drink,
Comedy & Performance,Broadway Comedy Club- Top Stand Up Comedy In Times Square!,"Get ready for an epic night of laughter at the Broadway Comedy Club, where you can score free tickets to witness hilarious comics!",https://www.eventbrite.com/e/broadway-comedy-club-top-stand-up-comedy-in-times-square-tickets-66978698089,2019-08-03T23:00:00-04:00,2026-02-28 22:30:00-05:00,40.7644077,-73.98566849999997,https://cdn.evbuc.com/images/1040138473/305763864772/1/logo.20250527-220941,66978698089,"Comedy & Performance, Nightlife & Parties",Comedy & Performance,Nightlife & Parties,
STEM,New York Tech Career Fair: Exclusive Tech Hiring Event,Tech Career Fair focus on helping companies achieve their diversity and inclusivity initiative with more diverse non-traditional candidates,https://www.eventbrite.com/e/new-york-tech-career-fair-exclusive-tech-hiring-event-tickets-146584912419,2025-10-31T12:00:00-04:00,2025-10-31 15:00:00-04:00,40.7127753,-74.0059728,https://img.evbuc.com/https%3A%2F%2Fcdn.evbuc.com%2Fimages%2F682565139%2F197361445633%2F1%2Foriginal.20240125-152555?w=1000&auto=format%2Ccompress&q=75&sharp=10&rect=0%2C0%2C940%2C470&s=b00f3fea466ce73e72f0025b6da8502d,146584912419,"STEM, Business, Education",STEM,Business,Education
STEM,Women in Tech New York City - OutGeekWomen,"All the badass women in tech, are you in? #outgeekwomen #womenintech",https://www.eventbrite.com/e/women-in-tech-new-york-city-outgeekwomen-tickets-1224235995819,2025-11-13T18:00:00-05:00,2025-11-13 20:00:00-05:00,40.711123,-73.966358,https://cdn.evbuc.com/images/1013635223/529664982707/1/logo.20250421-235814,1224235995819,"STEM
Community & Culture
Business",STEM,,
Business,New York City Career Fair,Meet with Local Hiring Employers,https://www.eventbrite.com/e/new-york-city-career-fair-tickets-1124516542249,2025-10-28T09:30:00-04:00,2025-10-28 12:30:00-04:00,40.7623861,-73.98201879999999,https://cdn.evbuc.com/images/923344273/183327965130/1/logo.20241226-141844,1124516542249,"Business, Education, Community & Culture",Business,Education,Community & Culture
Business,Small Business Coalition Networks Resource Fair,"Join us at the Small Business Coalition Networks Resource Fair for a day of networking, learning, and supporting local entrepreneurs!",https://www.eventbrite.com/e/small-business-coalition-networks-resource-fair-tickets-1559582937549,2025-09-30T18:00:00-04:00,2025-09-30 20:00:00-04:00,40.679949,-73.9460014,https://cdn.evbuc.com/images/1089001183/38233431606/1/logo.20250805-203935,1559582937549,"Business, Community & Culture, Education",Business,Community & Culture,Education
Business,CAOs 2025 Fall Aviation Job Fair,Connect with top employers & explore exciting career opportunities in aviation.,https://www.eventbrite.com/e/caos-2025-fall-aviation-job-fair-tickets-1602609340679,2025-10-07T10:00:00-04:00,2025-10-07 13:00:00-04:00,40.7137536,-73.8281736,https://cdn.evbuc.com/images/1098773803/2463083283871/1/logo.20250818-184732,1602609340679,"Business, Education, STEM",Business,Education,STEM
Business,Homebuyer Brunch,Join us!,https://www.eventbrite.com/e/homebuyer-brunch-tickets-1482021158179,2025-09-28T10:00:00-04:00,2025-09-28 12:00:00-04:00,40.693705,-73.9885647,https://cdn.evbuc.com/images/1089748303/21814161668/1/logo.20250806-172655,1482021158179,"Home & Lifestyle
Food & Drink
Business",Business,,
Business,Space Phoenix Systems Private Investor Reception - NYC,Space Phoenix Systems has been named the Most Fundable Space Startup in the Country! *,https://www.eventbrite.com/e/space-phoenix-systems-private-investor-reception-nyc-tickets-1693753174339,2025-09-29T17:30:00-04:00,2025-09-29 20:00:00-04:00,40.760861,-73.98105699999999,https://cdn.evbuc.com/images/1124672843/185965473348/1/logo.20250915-182427,1693753174339,"STEM, Business",STEM,Business,
Business,NYC Business Solutions Center Crawl 2025 - Brooklyn,Learn about free services provided at our NYC Business Solutions Centers located across the five boroughs to help you start/grow a business!,https://www.eventbrite.com/e/nyc-business-solutions-center-crawl-2025-brooklyn-tickets-1595906803209,2025-09-30T11:00:00-04:00,2025-09-30 15:00:00-04:00,40.689286,-73.98293559999999,https://cdn.evbuc.com/images/1096855243/69812126873/1/logo.20250815-164401,1595906803209,"Business, Education, Community & Culture",Business,Education,Community & Culture
Business,"Project Management Techniques Certification in Union City, NJ",Get certified in project management techniques at our classroom training and live virtual  training!,https://www.eventbrite.com/e/project-management-techniques-certification-in-union-city-nj-tickets-1329408559789,2025-04-25T09:00:00-04:00,2026-04-25 17:00:00-04:00,40.773694,-74.0270745,https://cdn.evbuc.com/images/991667243/2032835883643/1/logo.20250324-223023,1329408559789,"Business, Education",Business,Education,
Business,"Project Management Techniques Training Course in Bayonne, NJ",Get certified in project management techniques at our classroom training and live virtual  training!,https://www.eventbrite.com/e/project-management-techniques-training-course-in-bayonne-nj-tickets-1329412822539,2025-04-25T09:00:00-04:00,2026-04-25 17:00:00-04:00,40.658801,-74.1063776,https://cdn.evbuc.com/images/991667243/2032835883643/1/logo.20250324-223023,1329412822539,"Education, Business",Education,Business,
Business,"Boost Your Project Management Techniques Training in Hoboken, NJ",Get certified in project management techniques at our classroom training and live virtual  training!,https://www.eventbrite.com/e/boost-your-project-management-techniques-training-in-hoboken-nj-tickets-1329436874479,2025-04-25T09:00:00-04:00,2026-04-25 17:00:00-04:00,40.7386915,-74.0279731,https://cdn.evbuc.com/images/991667243/2032835883643/1/logo.20250324-223023,1329436874479,"Education, Business",Education,Business,
Business,"Project Management Techniques Training in West New York, NJ",Get certified in project management techniques at our classroom training and live virtual  training!,https://www.eventbrite.com/e/project-management-techniques-training-in-west-new-york-nj-tickets-1329441357889,2025-04-25T09:00:00-04:00,2026-04-25 17:00:00-04:00,40.75161629999999,-73.9935249,https://cdn.evbuc.com/images/991667243/2032835883643/1/logo.20250324-223023,1329441357889,"Education, Business",Education,Business,
Business,Strategy Saturday NYC: The Second Renaissance,"Join Armando Pantoja, one of the world’s top voices in emerging technology and investing, for an unforgettable night in NYC.",https://www.eventbrite.com/e/strategy-saturday-nyc-the-second-renaissance-tickets-1677644904069,2025-10-04T15:00:00-04:00,2025-10-04 18:00:00-04:00,40.7533868,-73.98595050000002,https://cdn.evbuc.com/images/1118159703/37035176124/1/logo.20250908-230020,1677644904069,"Business, Education, STEM",Business,Education,STEM
Business,2025 NYBLACKMBA Black Tie Cocktail Gala,Get ready to celebrate at the 2025 NYBLACKMBA Black Tie Cocktail Gala,https://www.eventbrite.com/e/2025-nyblackmba-black-tie-cocktail-gala-tickets-1529150232509,2025-10-04T20:00:00-04:00,2025-10-05 01:00:00-04:00,40.76859049999999,-73.98309859999999,https://cdn.evbuc.com/images/1081109613/1421384528/1/logo.20250725-090315,1529150232509,"Business
Community & Culture
Charity & Social Causes",Business,,
Business,HKANY Mid-Autumn Celebration,"Join HKANYs Mid-Autumn Celebration for a nostalgic evening on 9/30, featuring a special screening of Shaolin Soccer (2001) under the stars!",https://www.eventbrite.com/e/hkany-mid-autumn-celebration-tickets-1612316314499,2025-09-30T18:00:00-04:00,2025-09-30 21:00:00-04:00,40.751177,-73.9859209,https://cdn.evbuc.com/images/1114696933/165032345043/1/logo.20250904-203001,1612316314499,"Community & Culture, Food & Drink, Comedy & Performance",Community & Culture,Food & Drink,Comedy & Performance
Business,Latina Equal Pay Day NYC 2025,Leveling Up: Elevate. Advance. Lead. An impactful evening dedicated to shining a light on Closing the Wage Gap for Latina Workers.,https://www.eventbrite.com/e/latina-equal-pay-day-nyc-2025-tickets-1626828751589,2025-10-01T17:30:00-04:00,2025-10-01 20:30:00-04:00,40.7424976,-73.9877778,https://cdn.evbuc.com/images/1132546253/1042496275703/1/logo.20250923-121014,1626828751589,"Community & Culture, Charity & Social Causes, Business",Community & Culture,Charity & Social Causes,Business
Business,Health Tech Startup Networking Rooftop Happy Hour - NYC,Join us for a fun evening of networking with fellow health tech startup enthusiasts on a rooftop with drinks and good vibes!,https://www.eventbrite.com/e/health-tech-startup-networking-rooftop-happy-hour-nyc-tickets-1626621682239,2025-09-29T17:30:00-04:00,2025-09-29 20:00:00-04:00,40.7442419,-73.9886085,https://cdn.evbuc.com/images/900527093/128748948797/1/logo.20241116-231813,1626621682239,"Business, Health & Fitness, Food & Drink",Business,Health & Fitness,Food & Drink
Business,Summer Networking Mixer | Private Equity | Venture Capital | Law | Fintech,Join us for a fun Summer Networking Mixer in Midtown Manhattan -- a great opportunity to expand your community and raise capital.,https://www.eventbrite.com/e/summer-networking-mixer-private-equity-venture-capital-law-fintech-tickets-1409594728779,2025-09-29T18:00:00-04:00,2025-09-29 20:00:00-04:00,40.7498776,-73.9774856,https://cdn.evbuc.com/images/1098938733/224965426305/1/logo.20250818-210927,1409594728779,"Business, Community & Culture, Education",Business,Community & Culture,Education
Business,Customer Success Week 2025 presented by the Customer Success Meetup,"Join us on September 30th for the ultimate Customer Success gathering! Four stages, 50+ speakers from the world’s top technology companies.",https://www.eventbrite.com/e/customer-success-week-2025-presented-by-the-customer-success-meetup-tickets-1230908152419,2025-09-30T09:00:00-04:00,2025-09-30 17:00:00-04:00,40.7513427,-73.9920698,https://cdn.evbuc.com/images/1006997913/1403118251893/1/logo.20250411-184617,1230908152419,"Business
Education
Community & Culture",Business,,
Business,The Informations AI Agenda Live NYC: The Next Wave,"Join us for AI Agenda Live: The Next Wave, taking place September 30, 2025.",https://www.eventbrite.com/e/the-informations-ai-agenda-live-nyc-the-next-wave-tickets-1412547159579,2025-09-30T13:00:00-04:00,2025-09-30 18:30:00-04:00,40.756572,-73.9870076,https://cdn.evbuc.com/images/1053862073/143743301651/1/logo.20250616-140308,1412547159579,"Business, STEM, Education",Business,STEM,Education
Business,"October 13 - NYs  Biggest Business, Tech & Entrepreneur Networking Affair","October 13 - NYs  Biggest Business, Tech & Entrepreneur Networking Affair",https://www.eventbrite.com/e/october-13-nys-biggest-business-tech-entrepreneur-networking-affair-tickets-1406341779119,2025-10-13T18:30:00-04:00,2025-10-13 20:30:00-04:00,40.753615,-73.9865612,https://img.evbuc.com/https%3A%2F%2Fcdn.evbuc.com%2Fimages%2F561277709%2F168091941339%2F1%2Foriginal.20230724-223744?w=1000&auto=format%2Ccompress&q=75&sharp=10&rect=0%2C8%2C1254%2C627&s=49725cf5cbdc5a0bfd5681e97953399c,1406341779119,"Business, STEM, Community & Culture",Business,STEM,Community & Culture
Business,Exploring BNP Paribas  & Networking Event with NYBLACKMBA in New York City,"Lets dive into the world of BNP Paribas, connect with NYBLACKMBA members, and expand our network in a fun and engaging event!",https://www.eventbrite.com/e/exploring-bnp-paribas-networking-event-with-nyblackmba-in-new-york-city-tickets-1702065827709,2025-10-23T17:00:00-04:00,2025-10-23 20:00:00-04:00,40.7618306,-73.9823222,https://cdn.evbuc.com/images/1124307053/1421384528/1/logo.20250915-134439,1702065827709,"Business
Community & Culture
Education",Business,,
Business,IIDA NY COLOR INVASION® 2025,Sunsets  and  Scandals,https://www.eventbrite.com/e/iida-ny-color-invasion-2025-tickets-1478813794869,2025-10-30T19:00:00-04:00,2025-10-30 23:00:00-04:00,40.7517036,-74.0036129,https://cdn.evbuc.com/images/1070213583/61948433663/1/logo.20250709-202145,1478813794869,"Nightlife & Parties, Community & Culture, Home & Lifestyle",Nightlife & Parties,Community & Culture,Home & Lifestyle
Business,Bitcoin/Altcoins & Cryptocurrency Enthusiast Night - Crypto Gathering,Crypto Gathering - Discuss Everything Crypto ***FREE BITCOIN TOKEN (PHYSICAL COIN)***,https://www.eventbrite.com/e/bitcoinaltcoins-cryptocurrency-enthusiast-night-crypto-gathering-tickets-1256836033409,2025-10-27T18:30:00-04:00,2025-10-27 21:30:00-04:00,40.7604614,-73.97176819999999,https://cdn.evbuc.com/images/915313803/240086305688/1/logo.20241211-003921,1256836033409,"Community & Culture, Business, Education",Community & Culture,Business,Education
Business,Brooklyn Big Professional Networking Affair - Game Changers +Professionals,"Brooklyns Biggest Professional Networking Affair - Artists , Entrepreneurs, Game-Changers & Professionals",https://www.eventbrite.com/e/brooklyn-big-professional-networking-affair-game-changers-professionals-tickets-1357259803609,2025-09-30T19:00:00-04:00,2025-09-30 21:00:00-04:00,40.7224498,-73.9552011,https://img.evbuc.com/https%3A%2F%2Fcdn.evbuc.com%2Fimages%2F465015529%2F168091941339%2F1%2Foriginal.jpg?w=1000&auto=format%2Ccompress&q=75&sharp=10&rect=62%2C0%2C590%2C295&s=919919e1614cdd767ec1c33478051f5d,1357259803609,"Business
Community & Culture
Education",Business,,
Business,The 21st Annual National Black Pre-Law Conference and Law Fair 2025,"The nations largest and longest-running pre-law event centering the stories, perspectives and lived experiences of Black lawyers",https://www.eventbrite.com/e/the-21st-annual-national-black-pre-law-conference-and-law-fair-2025-tickets-1448273046669,2025-11-13T08:00:00-05:00,2025-11-15 22:00:00-05:00,40.7127753,-74.0059728,https://cdn.evbuc.com/images/610454529/49175411032/1/logo.20231001-220016,1448273046669,"Community & Culture, Education, Business",Community & Culture,Education,Business
Business,Americas Trading Conference 2025,"The Americas Trading Conference 2025 will be hosted at @Ease 605, New York, on Thursday October 30th.",https://www.eventbrite.co.uk/e/americas-trading-conference-2025-tickets-1336539970029,2025-10-30T09:00:00-04:00,2025-10-30 17:30:00-04:00,40.7489795,-73.9751818,https://cdn.evbuc.com/images/1031769783/2056278068253/1/logo.20250515-161031,1336539970029,"Business, Education, STEM",Business,Education,STEM
Business,R.E.CON Conference,"Get ready to dive into the world of real estate at our Real Estate Conference - where industry experts share insights, trends, and tips to h",https://www.eventbrite.com/e/recon-conference-tickets-1242150809509,2025-10-02T09:30:00-04:00,2025-10-02 17:00:00-04:00,40.77726740000001,-74.0111632,https://cdn.evbuc.com/images/976632063/1073409826323/1/logo.20250306-033334,1242150809509,"Business
Education
Home & Lifestyle",Business,,
Business,"Brooklyn Tech Expo: FALL4AI Edition - Oct 7, 2025","Largest expo-conference event in Brooklyn with focus on AI, technology, innovative businesses, seminars, networking! Part of AI Week NYC.",https://www.eventbrite.com/e/brooklyn-tech-expo-fall4ai-edition-oct-7-2025-tickets-1426173757099,2025-10-07T11:00:00-04:00,2025-10-07 16:00:00-04:00,40.7039741,-73.9848854,https://cdn.evbuc.com/images/1058358303/1961150010723/1/logo.20250623-035208,1426173757099,"Business, STEM, Education",Business,STEM,Education
Health & Fitness,Changing the Playbook on Hospital Prices,"Presented by 32BJ Labor Industry Cooperation Fund, 32BJ Health Fund, and City & State NY",https://www.eventbrite.com/e/changing-the-playbook-on-hospital-prices-tickets-1419467117359,2025-10-09T08:00:00-04:00,2025-10-09 16:00:00-04:00,40.7404282,-73.9960263,https://cdn.evbuc.com/images/1055896273/130664635387/1/logo.20250618-165931,1419467117359,"Health & Fitness, Business, Education",Health & Fitness,Business,Education
Health & Fitness,Mother Cabrini Mental Health Summit,A Collaborative Path for Well Being.,https://www.eventbrite.com/e/mother-cabrini-mental-health-summit-tickets-1656696657299,2025-10-22T08:30:00-04:00,2025-10-22 16:30:00-04:00,40.759608,-73.98719539999999,https://cdn.evbuc.com/images/1111581873/130664635387/1/logo.20250902-133437,1656696657299,"Health & Fitness
Community & Culture
Education",Health & Fitness,,
Health & Fitness,11th Annual NYU Langone Healthy Communities Symposium - 2025,"Please join us for the 11th Annual NYU Langone Healthy Communities Symposium on Wednesday, October 15th from 9am-5pm.",https://www.eventbrite.com/e/11th-annual-nyu-langone-healthy-communities-symposium-2025-tickets-1408849068489,2025-10-15T09:00:00-04:00,2025-10-15 17:00:00-04:00,40.7421225,-73.9739642,https://cdn.evbuc.com/images/1073242313/143722611829/1/logo.20250714-183215,1408849068489,"Health & Fitness, Community & Culture, Education",Health & Fitness,Community & Culture,Education
Health & Fitness,Healthy on the Hudson x IronStrength: Sculpt and Flow with Marissa/Pier 46,Join us for a fun workout session by the Hudson River with Marissa Ivana at Pier 46 on 9/29/2025 at 6:30 PM!,https://www.eventbrite.com/e/healthy-on-the-hudson-x-ironstrength-sculpt-and-flow-with-marissapier-46-tickets-1315287122189,2025-09-29T18:30:00-04:00,2025-09-29 19:30:00-04:00,40.7341636,-74.0111441,https://cdn.evbuc.com/images/1002198503/197389465408/1/logo.20250406-201731,1315287122189,"Health & Fitness, Community & Culture",Health & Fitness,Community & Culture,
Health & Fitness,"JOIN OLIVIA MUNN, SHE MD AND CANCER VACCINE COALITION FOR A LIVE EVENT","Join us for a conversation on breast cancer featuring Olivia Munn, Dr. Aliabadi, Kristen Dahlgren, Dr. Goldfarb and Mary Alice Haney",https://www.eventbrite.com/e/join-olivia-munn-she-md-and-cancer-vaccine-coalition-for-a-live-event-tickets-1685341254059,2025-10-01T11:00:00-04:00,2025-10-01 13:00:00-04:00,40.75833950000001,-73.9792303,https://cdn.evbuc.com/images/1126278673/569145787227/1/logo.20250916-220519,1685341254059,"Health & Fitness, Charity & Social Causes, Education",Health & Fitness,Charity & Social Causes,Education
Health & Fitness,The Marvelous Mrs. Menopause Event,Join us in NYC for the 4th Annual Marvelous Mrs. Menopause Event.,https://www.eventbrite.com/e/the-marvelous-mrs-menopause-event-tickets-1665608683409,2025-10-15T17:30:00-04:00,2025-10-15 20:30:00-04:00,40.7067097,-74.0081545,https://cdn.evbuc.com/images/1114790813/1150166397393/1/logo.20250904-215645,1665608683409,"Community & Culture, Health & Fitness, Home & Lifestyle",Community & Culture,Health & Fitness,Home & Lifestyle
Health & Fitness,Maximizing Performance in Cochlear Implant Recipients: Programming Concepts,This course will address topics related to routine and special programming issues and methods in pediatric and adult recipients.,https://www.eventbrite.com/e/maximizing-performance-in-cochlear-implant-recipients-programming-concepts-tickets-1504811785559,2025-12-07T08:00:00-05:00,2025-12-08 14:00:00-05:00,40.742133,-73.97385109999999,https://img.evbuc.com/https%3A%2F%2Fcdn.evbuc.com%2Fimages%2F580643089%2F171377523540%2F1%2Foriginal.20230822-163618?w=1000&auto=format%2Ccompress&q=75&sharp=10&rect=0%2C63%2C1920%2C960&s=d564a61c59a3341e6f5016f5a835d432,1504811785559,"Education, Health & Fitness, STEM",Education,Health & Fitness,STEM
Health & Fitness,2nd Annual Innovations in Surgical and Non-Surgical Spine Care,Discover the latest advancements in both surgical and non-surgical spine treatments at this multidisciplinary CME Conference,https://www.eventbrite.com/e/2nd-annual-innovations-in-surgical-and-non-surgical-spine-care-tickets-1702551690939,2025-10-17T07:00:00-04:00,2025-10-17 17:00:00-04:00,40.7732901,-73.96071080000002,https://img.evbuc.com/https%3A%2F%2Fcdn.evbuc.com%2Fimages%2F1124781813%2F221400866838%2F1%2Foriginal.20250915-194631?w=1000&auto=format%2Ccompress&q=75&sharp=10&rect=0%2C0%2C2160%2C1080&s=2a7011f5b3c342d4d7b83a9e6efe5f63,1702551690939,"Health & Fitness, Education, Business",Health & Fitness,Education,Business
Health & Fitness,Strengthening the Bonds: Advancing the Conversation on Loneliness,"Join us for our 2 day, inspiring Peer Conference that addresses loneliness, a key challenge to mental and emotional well-being.",https://www.eventbrite.com/e/strengthening-the-bonds-advancing-the-conversation-on-loneliness-tickets-1497147250729,2025-11-18T09:00:00-05:00,2025-11-19 15:00:00-05:00,40.6883502,-73.9791946,https://cdn.evbuc.com/images/1074970613/262013686380/1/logo.20250716-172158,1497147250729,"Community & Culture, Health & Fitness, Charity & Social Causes",Community & Culture,Health & Fitness,Charity & Social Causes
Health & Fitness,NYU LANGONE  HEALTH- 2025 ORTHOPEDIC CERTIFICATION REVIEW COURSE (NAON),IN-PERSON AND VIRTUAL COURSE REVIEW,https://www.eventbrite.com/e/nyu-langone-health-2025-orthopedic-certification-review-course-naon-tickets-1652446354529,2025-10-09T07:30:00-04:00,2025-10-09 15:30:00-04:00,40.7343763,-73.98302919999999,https://img.evbuc.com/https%3A%2F%2Fcdn.evbuc.com%2Fimages%2F570432739%2F307827734433%2F1%2Foriginal.20220707-164114?w=1000&auto=format%2Ccompress&q=75&sharp=10&rect=0%2C8%2C184%2C92&s=d8efb7ca4826dd7c1ff61ebd50f45aae,1652446354529,"Health & Fitness, Education, Business",Health & Fitness,Education,Business
Health & Fitness,"Mesotherapy Training - Brooklyn, NY","During the Mesotherapy Training programs, physicians, nurses, will learn the protocols associated with the medications.",https://www.eventbrite.com/e/mesotherapy-training-brooklyn-ny-tickets-869477188677,2024-05-31T07:00:00-04:00,2026-03-06 17:00:00-05:00,40.713831,-73.952333,https://img.evbuc.com/https%3A%2F%2Fcdn.evbuc.com%2Fimages%2F738372719%2F82610134181%2F1%2Foriginal.20240408-140219?w=1000&auto=format%2Ccompress&q=75&sharp=10&rect=0%2C103%2C680%2C340&s=969f8cd5e65e6c1f933ea3d252f9f5ba,869477188677,"Health & Fitness, Education, Business",Health & Fitness,Education,Business
Health & Fitness,Color Kundalini Yoga - Energize SATURDAYS 8:30 am-9:30 am,Chakra Balancing Kundalini,https://www.eventbrite.com/e/color-kundalini-yoga-energize-saturdays-830-am-930-am-tickets-1320154119509,2025-04-16T16:00:00-04:00,2025-10-25 09:30:00-04:00,40.6781049,-73.9624829,https://cdn.evbuc.com/images/1069508143/186592017671/1/logo.20250709-011530,1320154119509,"Health & Fitness, Community & Culture, Education",Health & Fitness,Community & Culture,Education
Health & Fitness,The 10th Annual Sweat Fete Pink Awareness Health & Fitness Event,Breast Cancer Awareness Event,https://www.eventbrite.com/e/the-10th-annual-sweat-fete-pink-awareness-health-fitness-event-tickets-1668883789339,2025-10-04T12:00:00-04:00,2025-10-04 16:00:00-04:00,40.6379063,-73.938164,https://cdn.evbuc.com/images/1115456583/137452747869/1/logo.20250905-154444,1668883789339,"Health & Fitness, Charity & Social Causes, Community & Culture",Health & Fitness,Charity & Social Causes,Community & Culture
Health & Fitness,"Williamsburg Wellness Fair:Local brands, Expert-led panels, Health services","Your fall wellness reset starts here - discover NYCs best wellness brands, connect with your community, and kickstart your fall routine.",https://www.eventbrite.com/e/williamsburg-wellness-fairlocal-brands-expert-led-panels-health-services-tickets-1617757499229,2025-10-07T17:00:00-04:00,2025-10-07 20:30:00-04:00,40.721049,-73.9581196,https://cdn.evbuc.com/images/1114336523/105525063661/1/logo.20250904-154854,1617757499229,"Health & Fitness, Community & Culture, Home & Lifestyle",Health & Fitness,Community & Culture,Home & Lifestyle
Health & Fitness,DAYBREAKER NYC // HEATWAVE // NOV 14,WELCOME TO HEATWAVE — HALF NAKED. FULLY ALIVE.,https://www.eventbrite.com/e/daybreaker-nyc-heatwave-nov-14-tickets-1342756122709,2025-11-14T21:00:00-05:00,2025-11-15 00:00:00-05:00,40.7403905,-73.9923962,https://cdn.evbuc.com/images/1018293343/570162754513/1/logo.20250428-160904,1342756122709,"Music, Nightlife & Parties, Community & Culture",Music,Nightlife & Parties,Community & Culture
Health & Fitness,Life In The Pause Festival 2025,A celebration of the menopausal journey!,https://www.eventbrite.com/e/life-in-the-pause-festival-2025-tickets-1237405415909,2025-10-25T10:00:00-04:00,2025-10-25 18:00:00-04:00,40.7521578,-74.00003230000002,https://cdn.evbuc.com/images/1034124893/1583232195263/1/logo.20250519-162449,1237405415909,"Community & Culture, Health & Fitness, Education",Community & Culture,Health & Fitness,Education
Health & Fitness,Healthy Habits A Family Fitness Event,"A family friendly fitness event for all ages.  Open workouts, health screenings, prizes, contests, raffles, and much more!!",https://www.eventbrite.com/e/healthy-habits-a-family-fitness-event-tickets-1633154371689,2025-10-04T11:00:00-04:00,2025-10-04 16:00:00-04:00,40.8658402,-73.9276296,https://cdn.evbstatic.com/s3-build/prod/18002481061-rc2025-09-25_20.04-py27-480e239/django/images/logos/eb_orange_on_white_1200x630.png,1633154371689,"Health & Fitness
Community & Culture
Charity & Social Causes",Health & Fitness,,
Health & Fitness,NYSCA Gotham GALA,The Signature Gala for Manhattan D1 Elite Doctors — A Celebration of Excellence on Fifth Avenue.,https://www.eventbrite.com/e/nysca-gotham-gala-tickets-1219572697769,2025-10-09T18:45:00-04:00,2025-10-09 22:00:00-04:00,40.7343498,-73.9945822,https://cdn.evbuc.com/images/1110538653/2589130178771/1/logo.20250901-125831,1219572697769,"Charity & Social Causes, Community & Culture, Health & Fitness",Charity & Social Causes,Community & Culture,Health & Fitness
Health & Fitness,Pour Into Her: A Womens Well Giving Circle Wellness Mixer,Join us for an evening of community and collective care at Pour Into Her: A wellness fundraiser  for The Womens Well Giving Circle,https://www.eventbrite.com/e/pour-into-her-a-womens-well-giving-circle-wellness-mixer-tickets-1661814986359,2025-10-03T18:30:00-04:00,2025-10-03 20:00:00-04:00,40.6916209,-73.9480031,https://cdn.evbuc.com/images/1114277663/118873509253/1/logo.20250904-150545,1661814986359,"Community & Culture, Health & Fitness, Charity & Social Causes",Community & Culture,Health & Fitness,Charity & Social Causes
Health & Fitness,The Warrior Circle with Jeanie Coomber,A small circle of business leaders who come together to share wisdom and stories without fear of judgement or criticism.,https://www.eventbrite.com/e/the-warrior-circle-with-jeanie-coomber-tickets-1631668647849,2025-10-09T18:30:00-04:00,2025-10-09 21:00:00-04:00,40.714315,-74.007766,https://img.evbuc.com/https%3A%2F%2Fcdn.evbuc.com%2Fimages%2F750496399%2F273576604160%2F1%2Foriginal.20240423-163411?w=1000&auto=format%2Ccompress&q=75&sharp=10&rect=0%2C94%2C3000%2C1500&s=0620fa7a3a483a17c75c122eefc190e6,1631668647849,"Business, Community & Culture, Education",Business,Community & Culture,Education
Health & Fitness,CENTRAL PARK SOCIAL WALK 2025 | Ages 50s & Over,"Join us for a leisurely stroll through Central Park, meeting new friends and enjoying the fresh air - all for ages 50s & over!",https://www.eventbrite.com/e/central-park-social-walk-2025-ages-50s-over-tickets-1560210965999,2025-08-17T12:00:00-04:00,2025-12-28 13:30:00-05:00,40.7722597,-73.97768959999999,https://cdn.evbuc.com/images/1089084543/1385739657363/1/logo.20250805-221654,1560210965999,"Community & Culture, Health & Fitness, Dating",Community & Culture,Health & Fitness,Dating
Health & Fitness,Queer Mens Grief and Healing Circle,A weekly peer-led space in New York City for queer men to grieve and heal in community.,https://www.eventbrite.com/e/queer-mens-grief-and-healing-circle-tickets-1574464739419,2025-08-26T19:00:00-04:00,2025-10-21 20:30:00-04:00,40.7654268,-73.9838278,https://cdn.evbuc.com/images/1092320033/88220497729/1/logo.20250810-163954,1574464739419,"Community & Culture, Health & Fitness, Charity & Social Causes",Community & Culture,Health & Fitness,Charity & Social Causes
Health & Fitness,Charity Sound Healing,A meditative sound journey in support of Liberty Ukraine Foundation,https://www.eventbrite.com/e/charity-sound-healing-tickets-1735403561769,2025-10-05T17:00:00-04:00,2025-10-05 19:00:00-04:00,40.6945863,-73.99428019999999,https://cdn.evbuc.com/images/1132999583/342041038765/1/logo.20250923-180933,1735403561769,"Charity & Social Causes, Music, Health & Fitness",Charity & Social Causes,Music,Health & Fitness
Health & Fitness,A Little Unwell,A circus variety show dedicated to raising awareness and breaking the stigma around mental health.,https://www.eventbrite.com/e/a-little-unwell-tickets-1595128685839,2025-10-10T19:30:00-04:00,2025-10-11 16:00:00-04:00,40.7134273,-73.9549377,https://cdn.evbuc.com/images/1101095633/10132638421/1/logo.20250820-210208,1595128685839,"Comedy & Performance, Charity & Social Causes, Community & Culture",Comedy & Performance,Charity & Social Causes,Community & Culture
Health & Fitness,Sanctuary Sounds: A series of meditative sound baths,"Come unwind and recharge your spirit with soothing sounds at Sanctuary Sounds, a series of meditative sound baths.",https://www.eventbrite.com/e/sanctuary-sounds-a-series-of-meditative-sound-baths-tickets-1618071016969,2025-09-07T19:00:00-04:00,2025-12-21 20:30:00-05:00,40.7753752,-73.9581623,https://cdn.evbuc.com/images/1101881143/2477102969481/1/logo.20250821-171204,1618071016969,"Health & Fitness
Community & Culture
Music",Health & Fitness,,
Health & Fitness,Gong Immersion Sound Voyage with Judith KRM,Get ready to be transported to another realm with Judith KRMs magical Gong Immersion Sound Voyage experience!,https://www.eventbrite.com/e/gong-immersion-sound-voyage-with-judith-krm-tickets-1407633512729,2025-10-25T18:00:00-04:00,2025-10-25 19:30:00-04:00,40.7508249,-73.93720979999999,https://cdn.evbuc.com/images/1049979843/256424361076/1/logo.20250610-170308,1407633512729,"Health & Fitness, Music, Community & Culture",Health & Fitness,Music,Community & Culture
Health & Fitness,Drumming is healing,"Join us every Monday 
at 7:30pm at Issyra Gallery presents Drumming is healing. Jamming with Ngor - Live West African Dance  and drum cla",https://www.eventbrite.com/e/drumming-is-healing-tickets-1210036705359,2025-01-20T19:30:00-05:00,2025-12-29 20:30:00-05:00,40.736467,-74.0356041,https://cdn.evbuc.com/images/939541603/214364558059/1/logo.20250119-212400,1210036705359,"Community & Culture, Health & Fitness, Music",Community & Culture,Health & Fitness,Music
Health & Fitness,Restorative Sound Bath,Bestow the body a moment of peace  as we journey through a tranquil soundscape.,https://www.eventbrite.com/e/restorative-sound-bath-tickets-1693968498379,2025-09-30T20:00:00-04:00,2025-09-30 21:00:00-04:00,40.7369675,-74.0689219,https://cdn.evbuc.com/images/1092908123/2814677343941/1/logo.20250811-151247,1693968498379,"Health & Fitness, Music, Community & Culture",Health & Fitness,Music,Community & Culture
Health & Fitness,"Brooklyn Whine and W3rk (Fitness Fete Superbowl) ""Rude Bai Edition""",THE WORLDS MOST ELECTRIFYING CARIBBEAN DANCE FITNESS CLASS KNOWN AS WHINE & W3RK IS COMING TO YOUR CITY,https://www.eventbrite.com/e/brooklyn-whine-and-w3rk-fitness-fete-superbowl-rude-bai-edition-tickets-1337935674619,2025-10-04T10:30:00-04:00,2025-10-04 13:00:00-04:00,40.6502272,-74.0235644,https://cdn.evbuc.com/images/903500273/143635364342/1/logo.20241121-003525,1337935674619,"Health & Fitness, Community & Culture, Music",Health & Fitness,Community & Culture,Music
Health & Fitness,SPINNY IN NYC,"GET READY FOR A CULTURAL CARDIO EXPERIENCE LIKE NO OTHER, AS SPINNY RETURNS TO NYC!",https://www.eventbrite.com/e/spinny-in-nyc-tickets-1368977631949,2025-10-02T19:00:00-04:00,2025-10-02 21:00:00-04:00,40.6774413,-73.9342119,https://img.evbuc.com/https%3A%2F%2Fcdn.evbuc.com%2Fimages%2F1096620423%2F77351598307%2F1%2Foriginal.20250815-113601?w=1000&auto=format%2Ccompress&q=75&sharp=10&rect=0%2C50%2C1600%2C800&s=8fffefa450d6de86fe71324c558d9274,1368977631949,"Music
Community & Culture
Nightlife & Parties",Health & Fitness,,
Health & Fitness,Free Summer Wellness Series | BlissIn Out  w/ Nika Antuanette & Jeremy Cone,"Whether youre looking to stretch, reset your mind, or simply relax, the series provides a peaceful and inviting environment for all levels.",https://www.eventbrite.com/e/free-summer-wellness-series-blissin-out-w-nika-antuanette-jeremy-cone-tickets-1325963385179,2025-10-12T14:00:00-04:00,2025-10-12 15:00:00-04:00,40.7475616,-73.9544299,https://cdn.evbuc.com/images/1009755443/437892789936/1/logo.20250415-203345,1325963385179,"Health & Fitness, Community & Culture, Education",Health & Fitness,Community & Culture,Education
Health & Fitness,Pre/Postnatal and Pelvic Floor Workshop,Join us for a hands-on workshop focusing on pre/postnatal care and pelvic floor health. Lets get you feeling strong and supported,https://www.eventbrite.com/e/prepostnatal-and-pelvic-floor-workshop-tickets-1635241032949,2025-10-16T19:00:00-04:00,2025-10-16 20:30:00-04:00,40.7008781,-73.9881766,https://cdn.evbuc.com/images/1108628983/2636194851341/1/logo.20250829-131124,1635241032949,"Health & Fitness, Education, Home & Lifestyle",Health & Fitness,Education,Home & Lifestyle
Music,Refuge Grand Opening Marathon Sept 27-28,"Refuge Saturday nights that go well into Sunday...
~Before, During, After~",https://www.eventbrite.com/e/refuge-grand-opening-marathon-sept-27-28-tickets-1424810288929,2025-09-27T22:00:00-04:00,2025-09-28 22:00:00-04:00,40.7116619,-73.93545499999999,https://cdn.evbuc.com/images/1136881313/2887560771471/1/logo.20250926-214148,1424810288929,"Refuge Saturday nights that go well into Sunday:
*   Nightlife & Parties
*   Music
*   Community & Culture

Refuge Grand Opening Marathon Sept 27-28:
*   Community & Culture
*   Music
*   Nightlife & Parties",Music,,
Music,"salute: infinite passion w/ AceMo, Demuir + more - Elsewhere Presents","salute & friends @ 154 Scott Ave in Brooklyn on 9.27! Tickets start at $30 • 10:00pm • 21+ | Genre: Electronic, Pop, Dance",https://www.eventbrite.com/e/salute-infinite-passion-w-acemo-demuir-more-elsewhere-presents-tickets-1636131335869,2025-09-27T22:00:00-04:00,2025-09-28 04:00:00-04:00,40.7119835,-73.9235261,https://cdn.evbuc.com/images/1108143833/2569518370411/1/logo.20250828-212600,1636131335869,"Nightlife & Parties, Music, Electronic",Nightlife & Parties,Music,
Music,NEW YORK BOLLYWOOD VOGUE @BOATHOUSE ROOFTOP,"An upscale Bollywood experience with stunning 360 degree views, at the newest Rooftop of Astoria!",https://www.eventbrite.com/e/new-york-bollywood-vogue-boathouse-rooftop-tickets-1712417148789,2025-09-27T22:00:00-04:00,2025-09-28 03:00:00-04:00,40.7572887,-73.9205807,https://cdn.evbuc.com/images/1127540013/889273663133/1/logo.20250917-214456,1712417148789,"Music
Nightlife & Parties
Community & Culture",Music,,
Music,Reggae vs Soca at Polygon: Free entry with RSVP,"Reggae vs Soca  at Polygon BK on Saturday, Sept 27th! Saturday Night Live vibes with complimentary drinks & Free entry w/ RSVP!",https://www.eventbrite.com/e/reggae-vs-soca-at-polygon-free-entry-with-rsvp-tickets-1564018103249,2025-09-27T23:00:00-04:00,2025-09-28 04:00:00-04:00,40.7154812,-73.9341108,https://cdn.evbuc.com/images/1132604573/165609966285/1/logo.20250923-131943,1564018103249,"Music, Nightlife & Parties, Community & Culture",Music,Nightlife & Parties,Community & Culture
Music,DJ Habibeats: Culture Shock Elsewhere - Day & Night Takeover,"Club night w/ DJ Habibeats @ Elsewhere in Bushwick on 9.27! Tickets start at $35 • 4:00pm • 21+ | Genre: Dance, HipHop, House, SWANA, Arab",https://www.eventbrite.com/e/dj-habibeats-culture-shock-elsewhere-day-night-takeover-tickets-1496319695489,2025-09-27T16:00:00-04:00,2025-09-28 04:00:00-04:00,40.709411,-73.923169,https://cdn.evbuc.com/images/1128274463/2569518370411/1/logo.20250918-154812,1496319695489,"Nightlife & Parties, Music, Community & Culture",Nightlife & Parties,Music,Community & Culture
Music,Rum + Pum Pum Shorts,"NYCs favorite dance party for Soca, Dancehall, Afrobeats, Reggae, and more!",https://www.eventbrite.com/e/rum-pum-pum-shorts-tickets-1677066764839,2025-09-28T16:00:00-04:00,2025-09-28 21:00:00-04:00,40.718558,-73.98933299999999,https://cdn.evbuc.com/images/1117777163/32802431877/1/logo.20250908-175900,1677066764839,"Music, Nightlife & Parties, Community & Culture",Music,Nightlife & Parties,Community & Culture
Music,PIPES: Stephen Tharp,"Reimagining iconic orchestral pieces, a master transforms the organ into a symphonic force.",https://www.eventbrite.com/e/pipes-stephen-tharp-tickets-1559550229719,2025-10-07T18:00:00-04:00,2025-10-07 19:00:00-04:00,40.7078931,-74.0117901,https://cdn.evbuc.com/images/1090721353/2183300615243/1/logo.20250807-184312,1559550229719,Music,Music,,
Music,Resonance of Freedom (NYC),Resonance of Freedom (NYC),https://www.eventbrite.com/e/resonance-of-freedom-nyc-tickets-1554084321039,2025-10-05T17:00:00-04:00,2025-10-05 18:45:00-04:00,40.7560527,-73.98452999999999,https://cdn.evbuc.com/images/1113862093/202299978054/1/logo.20250904-045331,1554084321039,"Okay, I understand. I will only return the tags, and I will limit them to a maximum of three.",Music,,
Music,Rooftop Vybz at Polygon: Free entry with RSVP,"Rooftop Vybz at Polygon BK on Saturday, October 11! Saturday Night Live vibes with complimentary drinks & Free entry w/ RSVP!",https://www.eventbrite.com/e/rooftop-vybz-at-polygon-free-entry-with-rsvp-tickets-1582676591289,2025-10-11T23:00:00-04:00,2025-10-12 04:00:00-04:00,40.7154812,-73.9341108,https://cdn.evbuc.com/images/1111980343/165609966285/1/logo.20250902-183602,1582676591289,"Nightlife & Parties, Music, Food & Drink",Nightlife & Parties,Music,Food & Drink
Music,Refuge Saturday Night [10/4],"Refuge Saturday nights that go well into Sunday...
~Before, During, After~",https://www.eventbrite.com/e/refuge-saturday-night-104-tickets-1428749400919,2025-10-04T22:00:00-04:00,2025-10-05 10:00:00-04:00,40.7116619,-73.93545499999999,https://cdn.evbuc.com/images/1128753593/2887560771471/1/logo.20250918-225407,1428749400919,"Nightlife & Parties
Music
Community & Culture",Music,,
Charity & Social Causes,Fourth Annual Tailgate for Autism,Come watch some college football for a great cause!,https://www.eventbrite.com/e/fourth-annual-tailgate-for-autism-tickets-1545800614249,2025-10-04T15:00:00-04:00,2025-10-04 18:00:00-04:00,40.7711833,-73.9562997,https://cdn.evbuc.com/images/1085014413/136252426023/1/logo.20250731-005157,1545800614249,"Charity & Social Causes, Food & Drink, Community & Culture",Charity & Social Causes,Food & Drink,Community & Culture
Charity & Social Causes,Cocktail Reception marking 100 years of helping children,Get ready to raise a glass and celebrate with us at the RCWS  Cocktail Reception!,https://www.eventbrite.com/e/cocktail-reception-marking-100-years-of-helping-children-tickets-1661246706619,2025-10-09T18:00:00-04:00,2025-10-09 21:00:00-04:00,40.769161,-73.964893,https://cdn.evbuc.com/images/1114359663/4513746590/1/logo.20250904-160210,1661246706619,"Food & Drink, Charity & Social Causes, Community & Culture",Food & Drink,Charity & Social Causes,Community & Culture
Charity & Social Causes,TEAM NEXTGEN RODEO 2025,"Come rage with us at the Team NextGen Rodeo. Boots on, drinks in hand, music up — all to raise money in the fight against cancer.",https://www.eventbrite.com/e/team-nextgen-rodeo-2025-tickets-1591308359139,2025-10-11T14:30:00-04:00,2025-10-11 19:30:00-04:00,40.7224678,-74.0048128,https://cdn.evbuc.com/images/1096171103/2862760304981/1/logo.20250814-201135,1591308359139,"Charity & Social Causes, Music, Community & Culture",Charity & Social Causes,Music,Community & Culture
Charity & Social Causes,Red River  New York Chapter 100th Anniversary Fundraiser - Horns Hook,Wristbands needed for entry to Horns Hook for TX-OU Game. Wristbands include all you can drink TX bevs kickoff to end of game plus 1 app.,https://www.eventbrite.com/e/red-river-new-york-chapter-100th-anniversary-fundraiser-horns-hook-tickets-1669609891129,2025-10-11T15:30:00-04:00,2025-10-11 19:00:00-04:00,40.7748192,-73.9511502,https://cdn.evbuc.com/images/1115660953/321533377023/1/logo.20250905-183902,1669609891129,"Food & Drink, Charity & Social Causes, Community & Culture",Food & Drink,Charity & Social Causes,Community & Culture
Charity & Social Causes,BBBS Leadership Councils Annual Fundraiser & Networking Mixer!,"Network for a cause! Join us Oct 1 at The Ashford in Jersey City to support Big Brothers Big Sisters of Essex, Hudson & Union Counties.",https://www.eventbrite.com/e/bbbs-leadership-councils-annual-fundraiser-networking-mixer-tickets-1670397195979,2025-10-01T18:00:00-04:00,2025-10-01 20:30:00-04:00,40.7204381,-74.04410759999999,https://img.evbuc.com/https%3A%2F%2Fcdn.evbuc.com%2Fimages%2F826231249%2F107749550829%2F1%2Foriginal.20240813-174219?w=1000&auto=format%2Ccompress&q=75&sharp=10&rect=0%2C22%2C1914%2C957&s=e9ed02dc87e92099216a43723711b7af,1670397195979,"Charity & Social Causes, Business, Community & Culture",Charity & Social Causes,Business,Community & Culture
Charity & Social Causes,Disco Party Fundraiser,Its time to dance again at the best disco in Alphabet City!   Frankie Paradise does all the spinning of your favorites!,https://www.eventbrite.com/e/disco-party-fundraiser-tickets-1732684188049,2025-10-03T18:00:00-04:00,2025-10-03 22:00:00-04:00,40.7298212,-73.98048539999999,https://cdn.evbuc.com/images/1134270763/1095669823143/1/logo.20250924-174228,1732684188049,"Nightlife & Parties, Music, Charity & Social Causes",Nightlife & Parties,Music,Charity & Social Causes
Charity & Social Causes,Kellys Angels Calling All Angels Gala,A gala celebrating 15 years of Kelly’s Angels!,https://www.eventbrite.com/e/kellys-angels-calling-all-angels-gala-tickets-1076629390489,2025-10-11T18:00:00-04:00,2025-10-11 23:00:00-04:00,43.0846734,-73.782985,https://cdn.evbuc.com/images/1126291643/109069854711/1/logo.20250916-221826,1076629390489,"Charity & Social Causes
Community & Culture
Nightlife & Parties",Charity & Social Causes,,
Charity & Social Causes,21st Annual Book Lovers Ball,"The annual Book Lovers Ball will be held at Treleaven Winery on Friday, October 3rd at 6 pm.",https://www.eventbrite.com/e/21st-annual-book-lovers-ball-tickets-1597760156639,2025-10-03T18:00:00-04:00,2025-10-03 22:00:00-04:00,42.6502467,-76.6346439,https://img.evbuc.com/https%3A%2F%2Fcdn.evbuc.com%2Fimages%2F808307339%2F225139163008%2F1%2Foriginal.20240715-234543?w=1000&auto=format%2Ccompress&q=75&sharp=10&rect=2%2C87%2C636%2C318&s=2406b57cee312568192b6b0f7a5bacdf,1597760156639,"Community & Culture, Food & Drink, Charity & Social Causes",Community & Culture,Food & Drink,Charity & Social Causes
Charity & Social Causes,2025 BRC Champions Benefit,"Every ticket includes an open bar, passed hors d’oeuvres and dessert, and a ticket for the on-site raffle!",https://www.eventbrite.com/e/2025-brc-champions-benefit-tickets-1601913870509,2025-10-23T19:00:00-04:00,2025-10-23 22:00:00-04:00,40.74217109999999,-74.00352199999999,https://cdn.evbuc.com/images/1099883783/2868668474681/1/logo.20250819-185608,1601913870509,"Charity & Social Causes, Food & Drink, Nightlife & Parties",Charity & Social Causes,Food & Drink,Nightlife & Parties
Charity & Social Causes,"Bourbon, Brews & Blues","Join Inwood Art Works for a sensational evening of smooth bourbon, unlimited local craft brews, and dancing to live blues.",https://www.eventbrite.com/e/bourbon-brews-blues-tickets-1485160126919,2025-09-28T16:00:00-04:00,2025-09-28 19:00:00-04:00,40.8636863,-73.9263967,https://img.evbuc.com/https%3A%2F%2Fcdn.evbuc.com%2Fimages%2F593268479%2F242260476087%2F1%2Foriginal.20230908-112720?w=1000&auto=format%2Ccompress&q=75&sharp=10&rect=0%2C5%2C1200%2C600&s=551f3f811e0057c6757a77809c68085a,1485160126919,"Food & Drink
Music
Nightlife & Parties",Charity & Social Causes,,
Charity & Social Causes,6th Annual Chefs Take a Stand Against Domestic Violence Fundraiser,Sample delicious dishes from local leaders and vote for the best! All proceeds benefit YWCA Cortlands Aid to Victims of Violence Program.,https://www.eventbrite.com/e/6th-annual-chefs-take-a-stand-against-domestic-violence-fundraiser-tickets-1571749347609,2025-10-01T18:00:00-04:00,2025-10-01 20:00:00-04:00,42.5123809,-76.1474954,https://cdn.evbuc.com/images/1094105113/1684022311693/1/logo.20250812-191112,1571749347609,"Food & Drink, Charity & Social Causes, Community & Culture",Food & Drink,Charity & Social Causes,Community & Culture
Charity & Social Causes,Our Grief is Not a Cry for War by Jeremy Varon with Liza Featherstone,Jeremy Varons original history of the popular movement  against the War on Terror.,https://www.eventbrite.com/e/our-grief-is-not-a-cry-for-war-by-jeremy-varon-with-liza-featherstone-tickets-1648669016409,2025-10-06T18:00:00-04:00,2025-10-06 20:00:00-04:00,40.7435735,-73.9891809,https://cdn.evbuc.com/images/1113393733/183401161946/1/logo.20250903-191108,1648669016409,"Charity & Social Causes
Community & Culture
Education",Charity & Social Causes,,
Charity & Social Causes,Womens Empowerment Forum Sisters Lifting Sisters LIVE,"Get ready for a powerful day of support, inspiration, and connection as we come together to lift each other up at the Womens Empowerment Fo",https://www.eventbrite.com/e/womens-empowerment-forum-sisters-lifting-sisters-live-tickets-1648864942429,2025-10-11T14:00:00-04:00,2025-10-11 17:00:00-04:00,40.6491552,-73.90479289999999,https://cdn.evbuc.com/images/1110167183/272607960790/1/logo.20250901-000055,1648864942429,"Community & Culture, Charity & Social Causes, Business",Community & Culture,Charity & Social Causes,Business
Charity & Social Causes,Breast Cancer Awareness Walk Presented by Zazou Experience United,"Join us at Prospect Park for a meaningful walk to support Breast Cancer Awareness, presented by Zazou Experience United!",https://www.eventbrite.com/e/breast-cancer-awareness-walk-presented-by-zazou-experience-united-tickets-1704715763739,2025-10-12T09:00:00-04:00,2025-10-12 12:00:00-04:00,40.65477080000001,-73.9615373,https://cdn.evbuc.com/images/1125300113/276813666080/1/logo.20250916-064915,1704715763739,"Health & Fitness, Charity & Social Causes, Community & Culture",Health & Fitness,Charity & Social Causes,Community & Culture
Charity & Social Causes,"Building Resilient Nonprofits: Capacity, Culture & Change","Change is constant—and for nonprofits, its not a challenge to endure, but an opportunity to lead.",https://www.eventbrite.com/e/building-resilient-nonprofits-capacity-culture-change-tickets-1680654636259,2025-10-07T09:00:00-04:00,2025-10-07 13:00:00-04:00,40.7244286,-74.0609671,https://cdn.evbuc.com/images/1118937423/256842712177/1/logo.20250909-161649,1680654636259,"Charity & Social Causes
Business
Education",Charity & Social Causes,,
Charity & Social Causes,SFLIC Volunteer Day: Late Summer Series,"Help us process crops, plant and sow for fall harvest, and maintain and improve our beautiful farm space!",https://www.eventbrite.com/e/sflic-volunteer-day-late-summer-series-tickets-1557721670449,2025-09-28T10:00:00-04:00,2025-09-28 12:00:00-04:00,40.7518888,-73.9253836,https://cdn.evbuc.com/images/1088086983/2420138973341/1/logo.20250804-205205,1557721670449,"Community & Culture, Charity & Social Causes, Home & Lifestyle",Community & Culture,Charity & Social Causes,Home & Lifestyle
Education,Meet Your Green Neighbors: Kid-Friendly Tour,Join expert guide Matthew Wills for a family-friendly afternoon of seeking out the tiny life forms that your favorite birds eat.,https://www.eventbrite.com/e/meet-your-green-neighbors-kid-friendly-tour-tickets-1568650087639,2025-10-12T11:00:00-04:00,2025-10-12 12:30:00-04:00,40.6579777,-73.9940634,https://cdn.evbuc.com/images/1091073533/2829258341421/1/logo.20250808-033904,1568650087639,"Education, STEM, Community & Culture",Education,STEM,Community & Culture
Education,ЛИТЕРАТУРНАЯ ЭКСКУРСИЯ по Центральному парку с Ольгой Бухиной. 7+,"Пройдемся по парку, вспомним любимую европейскую классику, посмотрим на те места, где происходили события, описанные в любимых книгах",https://www.eventbrite.com/e/7-tickets-1730722971999,2025-10-04T00:00:00-04:00,2025-10-04 14:00:00-04:00,40.7876659,-73.97570259999999,https://cdn.evbuc.com/images/1131509533/2739322436311/1/logo.20250922-155455,1730722971999,"Community & Culture, Education, Music",Community & Culture,Education,Music
Education,A Central Park Bird Adventure for Kids with Steph!,"A quirky bird scavenger hunt for kids led by the podcast host of That Quirky Bird Girl! Play, learn, explore, and enjoy nature!✨",https://www.eventbrite.com/e/a-central-park-bird-adventure-for-kids-with-steph-tickets-1379380045849,2025-05-28T10:00:00-04:00,2025-10-04 11:30:00-04:00,40.7743214,-73.97088289999999,https://cdn.evbuc.com/images/1038494283/2537102446281/1/logo.20250525-134541,1379380045849,"Community & Culture, Education, STEM",Community & Culture,Education,STEM
Education,Bugging Out! Kid-Friendly Tour,Join expert guide Matthew Wills for a family-friendly afternoon of seeking out the tiny life forms that your favorite birds eat.,https://www.eventbrite.com/e/bugging-out-kid-friendly-tour-tickets-1568645463809,2025-09-28T11:00:00-04:00,2025-09-28 12:30:00-04:00,40.6579777,-73.9940634,https://img.evbuc.com/https%3A%2F%2Fcdn.evbuc.com%2Fimages%2F1091062333%2F2829258341421%2F1%2Foriginal.20250808-031744?w=1000&auto=format%2Ccompress&q=75&sharp=10&rect=0%2C341%2C684%2C342&s=76f17958cef73c27dad52e54589b35e8,1568645463809,"Education, STEM, Community & Culture",Education,STEM,Community & Culture
Education,Compass Charter School Tour/Info Session,"Join us for a tour of Compass, a Pre-K through 5th grade public school, located in Fort Greene, Brooklyn. Middle school coming fall 2026!",https://www.eventbrite.com/e/compass-charter-school-tourinfo-session-tickets-1665445124199,2025-09-30T09:30:00-04:00,2026-03-31 10:30:00-04:00,40.6885037,-73.9713999,https://cdn.evbuc.com/images/848017729/88630193665/1/logo.20240911-210339,1665445124199,"Education, Community & Culture",Education,Community & Culture,
Education,Wise Wonder Enrichment | Upper East Side Studio | Open House,Come visit our Wise Wonder studio in the Upper East Side and find out more about our programs!,https://www.eventbrite.com/e/wise-wonder-enrichment-upper-east-side-studio-open-house-tickets-1708424727349,2025-09-30T13:00:00-04:00,2025-09-30 16:00:00-04:00,40.7743927,-73.9490004,https://img.evbuc.com/https%3A%2F%2Fcdn.evbuc.com%2Fimages%2F537500469%2F193631074553%2F1%2Foriginal.20230616-165826?w=1000&auto=format%2Ccompress&q=75&sharp=10&rect=0%2C138%2C2000%2C1000&s=64810c7ccbb53d29604f69c85bc7c834,1708424727349,"Education, Community & Culture",Education,Community & Culture,
Education,Family Gatherings: A Water Exploratorium Adventure with Spellbound Theatre!,Join our September in-person Family Gathering where we are collaborating with Spellbound Theatre for a water play and art adventure!,https://www.eventbrite.com/e/family-gatherings-a-water-exploratorium-adventure-with-spellbound-theatre-tickets-1388506844349,2025-09-28T16:00:00-04:00,2025-09-28 18:00:00-04:00,40.67446109999999,-73.94398629999999,https://cdn.evbuc.com/images/1076011883/133295586021/1/logo.20250717-211742,1388506844349,"Community & Culture, Education, Home & Lifestyle",Community & Culture,Education,Home & Lifestyle
Education,Surprise 80th Birthday Celebration for Brian ODwyer,Get ready to celebrate Brian ODwyer turning 80 with a surprise party that will make him feel loved and appreciated! Drinks & food included!,https://www.eventbrite.com/e/surprise-80th-birthday-celebration-for-brian-odwyer-tickets-1304869061489,2025-10-18T20:00:00-04:00,2025-10-18 22:00:00-04:00,40.7506213,-73.9862915,https://cdn.evbuc.com/images/996334403/354980533601/1/logo.20250331-003420,1304869061489,"Community & Culture, Food & Drink, Nightlife & Parties",Community & Culture,Food & Drink,Nightlife & Parties
Education,Costumes & Cocktais,Get ready for a spooktacular night of fun at our first-ever Costume & Cocktails Party! ✨ Join us for an unforgettable evening!,https://www.eventbrite.com/e/costumes-cocktais-tickets-1735893928469,2025-11-01T18:30:00-04:00,2025-11-01 23:00:00-04:00,40.7532936,-74.004217,https://cdn.evbuc.com/images/1133262203/337342825887/1/logo.20250923-212707,1735893928469,"Nightlife & Parties
Food & Drink
Community & Culture",Education,,
Education,BABY FETE,A Caribbean Party for little ones and their grown-ups!,https://www.eventbrite.com/e/baby-fete-tickets-1711128514449,2025-12-07T13:00:00-05:00,2025-12-07 16:00:00-05:00,40.6710928,-73.9933331,https://cdn.evbuc.com/images/1126994933/2244821084983/1/logo.20250917-143652,1711128514449,"Community & Culture, Music, Nightlife & Parties",Community & Culture,Music,Nightlife & Parties
Education,Book Your Kids Outdoor Bird-thday Party Today!,Celebrate your childs birthday with a fun outdoor bird-themed party - book now!,https://www.eventbrite.com/e/book-your-kids-outdoor-bird-thday-party-today-tickets-1357265751399,2025-05-10T12:00:00-04:00,2025-11-28 16:30:00-05:00,40.7692564,-73.959428,https://cdn.evbuc.com/images/1025476503/2537102446281/1/logo.20250507-162637,1357265751399,"Community & Culture, Education, Home & Lifestyle",Community & Culture,Education,Home & Lifestyle
Education,Stephanys Surprise Baby Shower,"¡Celebremos la llegada del bebé de Stephany con juegos, regalos y mucha diversión en su baby shower! Shhh… it’s a surprise!",https://www.eventbrite.com/e/stephanys-surprise-baby-shower-tickets-1720687295019,2025-09-28T13:00:00-04:00,2025-09-28 18:00:00-04:00,40.68698,-73.835523,https://img.evbuc.com/https%3A%2F%2Fcdn.evbuc.com%2Fimages%2F1129353363%2F52317603482%2F1%2Foriginal.png?w=1000&auto=format%2Ccompress&q=75&sharp=10&rect=0%2C0%2C940%2C470&s=48f7c1a766928765f1a60021ca663b82,1720687295019,"Community & Culture, Home & Lifestyle, Charity & Social Causes",Community & Culture,Home & Lifestyle,Charity & Social Causes
Online,The Here Queer Sober Roundup,"Come join us at The Here Queer Sober Roundup for a fun, sober gathering with our LGBTQ+ community!",https://www.eventbrite.com/e/the-here-queer-sober-roundup-tickets-932785515587,2025-09-26T09:00:00-04:00,2025-09-28 16:00:00-04:00,40.7585862,-73.98582019999999,https://img.evbuc.com/https%3A%2F%2Fcdn.evbuc.com%2Fimages%2F795650029%2F2208357141693%2F1%2Foriginal.20240625-022701?w=1000&auto=format%2Ccompress&q=75&sharp=10&rect=0%2C186%2C1124%2C562&s=1d8d1ba118c649eae0f518fabcee8d2a,932785515587,"Community & Culture, Health & Fitness, Charity & Social Causes",Community & Culture,Health & Fitness,Charity & Social Causes
Online,2025 - New York African Restaurant Week Festival -,Food Market -  Afrobeat/Amapiano/Soca/ - Live Performances - Vendors - supporting small buisness and culture,https://www.eventbrite.com/e/2025-new-york-african-restaurant-week-festival--tickets-1011546050467,2025-09-26T12:00:00-04:00,2025-09-28 19:00:00-04:00,40.6799431,-73.94599339999999,https://cdn.evbuc.com/images/1132976473/253934397491/1/logo.20250923-175505,1011546050467,"Food & Drink, Music, Community & Culture",Food & Drink,Music,Community & Culture
STEM,2025 Biostatistics Symposium: New Frontiers in Clinical Trial Methodology,"Join us for a full day of discussions on cutting-edge innovations in clinical trial design, analysis, and
implementation!",https://www.eventbrite.com/e/2025-biostatistics-symposium-new-frontiers-in-clinical-trial-methodology-tickets-1497142145459,2025-10-17T09:00:00-04:00,2025-10-17 18:00:00-04:00,40.7476267,-73.98348469999999,https://cdn.evbuc.com/images/1133359023/2166115797723/1/logo.20250923-230703,1497142145459,"STEM, Education, Business",STEM,Education,Business
STEM,AI Dev 25 x NYC - The AI Developer Conference,"Join us for a day of coding, learning, and connecting to build AI applications with your fellow developers!",https://www.eventbrite.com/e/ai-dev-25-x-nyc-the-ai-developer-conference-tickets-1583028543989,2025-11-14T08:00:00-05:00,2025-11-14 19:00:00-05:00,40.7541644,-74.0009082,https://cdn.evbuc.com/images/1094074953/261282683933/1/logo.20250812-184303,1583028543989,"STEM, Education, Business",STEM,Education,Business
STEM,XR Motion Conference,Join us at XR Motion Conference to explore the latest digital art trends and technologies!,https://www.eventbrite.com/e/xr-motion-conference-tickets-1343286910309,2025-10-25T11:00:00-04:00,2025-10-25 22:00:00-04:00,40.6998662,-73.9772792,https://cdn.evbuc.com/images/1089636723/1242956996453/1/logo.20250806-153212,1343286910309,"STEM
Education
Business",STEM,,
STEM,The State of Crypto 2025: Crypto Startups Roadshow,On-Demand Customized Online Program for Business and Policy Leaders (Organizations),https://www.eventbrite.com/e/the-state-of-crypto-2025-crypto-startups-roadshow-tickets-1291997201409,2025-03-20T10:00:00-04:00,2025-11-30 12:00:00-05:00,40.706877,-74.0112654,https://cdn.evbuc.com/images/987108833/29817277049/1/logo.20250318-230004,1291997201409,"Business, Education
Business, STEM",Business,,STEM
STEM,Vertebrate Genomes Project (VGP) In-Person Conference 2025,Join us at the VGP In-Person Conference 2025 to dive deep into the world of vertebrate genomes with top researchers and experts!,https://www.eventbrite.com/e/vertebrate-genomes-project-vgp-in-person-conference-2025-tickets-1478318102239,2025-09-30T09:00:00-04:00,2025-10-01 20:00:00-04:00,40.7625706,-73.95568889999998,https://cdn.evbuc.com/images/1086276263/250397485209/1/logo.20250801-152333,1478318102239,"STEM, Education, Business",STEM,Education,Business
STEM,2025 FDNY High Rise Symposium,"Join FDNY’s 2025 High Rise Symposium in NYC—3 days of top fire safety tactics, tech, strategy & expert insights. Don’t miss it!",https://www.eventbrite.com/e/2025-fdny-high-rise-symposium-tickets-1359682780799,2025-10-03T08:00:00-04:00,2025-10-05 16:00:00-04:00,40.7585862,-73.98582019999999,https://cdn.evbuc.com/images/1027278403/245538011351/1/logo.20250509-152837,1359682780799,"Business, Education, Community & Culture",Business,Education,Community & Culture
STEM,Information Security Summit 2025,Protecting NYs Data & Information Systems,https://www.eventbrite.com/e/information-security-summit-2025-tickets-1583014040609,2025-10-07T09:00:00-04:00,2025-10-07 15:30:00-04:00,40.7033226,-74.0088962,https://cdn.evbuc.com/images/1093962003/130664635387/1/logo.20250812-164749,1583014040609,"Business, Education, STEM",Business,Education,STEM
STEM,6th Annual Ethics & Technology Forum with special guest speaker Karen Hao,How thoroughly will AI will alter society and what role we can all play in actively shaping AI so that it benefits are widespread?,https://www.eventbrite.com/e/6th-annual-ethics-technology-forum-with-special-guest-speaker-karen-hao-tickets-1571472008079,2025-10-10T16:30:00-04:00,2025-10-10 19:00:00-04:00,40.7380309,-73.99907559999997,https://cdn.evbuc.com/images/1091487133/397929728081/1/logo.20250808-173215,1571472008079,"STEM, Education, Business",STEM,Education,Business
STEM,Women in Tech New York 2025,The Women in Tech Job Fair and Career Summit is an annual event dedicated to empowering women in the technology sector.,https://www.eventbrite.com/e/women-in-tech-new-york-2025-tickets-1534063117079,2025-10-16T18:00:00-05:00,2025-10-16 21:00:00-05:00,40.7275043,-73.9800645,https://cdn.evbuc.com/images/1082254333/2598749707391/1/logo.20250727-205244,1534063117079,"STEM, Business, Education",STEM,Business,Education
STEM,Conspicuous Consumers: An Engelberg Center Symposium,"Over exposed and under explored, consumers play critical roles across a range of legal doctrines.  Were giving them their due.",https://www.eventbrite.com/e/conspicuous-consumers-an-engelberg-center-symposium-tickets-1481052320359,2025-10-16T11:30:00-04:00,2025-10-17 16:00:00-04:00,40.7305635,-73.9995861,https://cdn.evbuc.com/images/1087763733/74467844351/1/logo.20250804-151335,1481052320359,"Business, Education, Charity & Social Causes",Business,Education,Charity & Social Causes
STEM,Meta-Research Symposium 2025,"Register for NYU Langones inaugural Meta-Research Symposium, “Meta-Research Matters: Designing the Future of Research.”",https://www.eventbrite.com/e/meta-research-symposium-2025-tickets-1608088037609,2025-10-20T13:00:00-04:00,2025-10-20 18:30:00-04:00,40.7420165,-73.9736533,https://cdn.evbuc.com/images/1104578563/2256898338083/1/logo.20250825-175038,1608088037609,"STEM
Education
Health & Fitness",STEM,,
STEM,Beyond Code: Building Products That Matter,"What happens when engineers own outcomes, not just outputs",https://www.eventbrite.com/e/beyond-code-building-products-that-matter-tickets-1598701000729,2025-09-30T17:30:00-04:00,2025-09-30 20:00:00-04:00,40.71607349999999,-74.0350651,https://cdn.evbuc.com/images/1108727883/793814957153/1/logo.20250829-150029,1598701000729,"Business, STEM, Education",Business,STEM,Education
STEM,Build Great Products with Quality and Empathy | 4th New York Meetup,"Get ready to connect, learn, and share experiences with fellow testers in the community.",https://www.eventbrite.com/e/build-great-products-with-quality-and-empathy-4th-new-york-meetup-tickets-1652337488909,2025-10-01T17:30:00-04:00,2025-10-01 19:30:00-04:00,40.7551606,-73.9924118,https://cdn.evbuc.com/images/1110624553/2284684559573/1/logo.20250901-143823,1652337488909,"Community & Culture, Business, Education",Community & Culture,Business,Education
STEM,"NYC Tech Connect: Monthly Networking Mixer for Innovators, Developers, etc.","Come hang out with fellow tech enthusiasts, developers, and innovators at our monthly networking mixer in NYC!",https://www.eventbrite.com/e/nyc-tech-connect-monthly-networking-mixer-for-innovators-developers-etc-tickets-1668749116529,2025-10-01T18:00:00-04:00,2025-10-01 21:00:00-04:00,40.73086329999999,-73.9886975,https://cdn.evbuc.com/images/1061411903/2740134732861/1/logo.20250626-190345,1668749116529,"Community & Culture, Business, STEM",Community & Culture,Business,STEM
STEM,NYC Tech Toastmasters Oct 2025 | `1st Meeting *One Drink Minimum*,Join us for our NYC Tech Toastmasters meeting and improve your leadership and public speaking skills in a fun and supportive group!,https://www.eventbrite.com/e/nyc-tech-toastmasters-oct-2025-1st-meeting-one-drink-minimum-tickets-1397158351239,2025-10-01T18:30:00-04:00,2025-10-01 20:00:00-04:00,40.7293818,-73.9880826,https://cdn.evbuc.com/images/1045993463/2003839499903/1/logo.20250604-184715,1397158351239,"Business, Education, Community & Culture",Business,Education,Community & Culture
STEM,TouchDesigner Meetup: Jam + Show & Tell,"Come hang out with fellow TouchDesigner enthusiasts for an evening of building, experimenting, and sharing!",https://www.eventbrite.com/e/touchdesigner-meetup-jam-show-tell-tickets-1632799761039,2025-09-28T15:00:00-04:00,2025-09-28 19:00:00-04:00,40.6836146,-73.98167289999998,https://cdn.evbuc.com/images/1105761613/73882583/1/logo.20250826-190526,1632799761039,"Community & Culture, STEM, Music",Community & Culture,STEM,Music
STEM,Intro to Bioplastics: Stained Glass Panels,Join us for a hands-on workshop to create stained bioglass! Learn about the art and science of bioplastics.,https://www.eventbrite.com/e/intro-to-bioplastics-stained-glass-panels-tickets-1458450979139,2025-09-28T10:00:00-04:00,2025-09-28 14:00:00-04:00,40.6571673,-74.00316709999998,https://cdn.evbuc.com/images/991574633/15815826195/1/logo.20250324-204818,1458450979139,"STEM, Education, Home & Lifestyle",STEM,Education,Home & Lifestyle
STEM,PRIVÉ | Latin Tech Fridays 2025 | Hotel Chantelle,Get ready to dance the night away to the hottest Latin tech beats at PRIVÉ - its going to be a Friday to remember!,https://www.eventbrite.com/e/prive-latin-tech-fridays-2025-hotel-chantelle-tickets-1592768165459,2025-08-15T22:00:00-04:00,2026-01-03 04:00:00-05:00,40.7184,-73.98897149999999,https://cdn.evbuc.com/images/1096409683/1385739657363/1/logo.20250815-015900,1592768165459,"Nightlife & Parties, Music",Nightlife & Parties,Music,
STEM,Readiness for AI: a Workshop for NYC Executives Driving Change,"Lead the AI revolution! Join NYC execs at the Readiness for AI workshop to master adoption, inspire change & drive success with your teams.",https://www.eventbrite.com/e/readiness-for-ai-a-workshop-for-nyc-executives-driving-change-tickets-1670910992759,2025-10-10T18:30:00-04:00,2025-10-10 20:30:00-04:00,40.7603552,-73.98513729999999,https://cdn.evbuc.com/images/1116403473/445123581632/1/logo.20250906-224315,1670910992759,"Business
Education
STEM",STEM,,
STEM,"Autumn Lecture: Adam Tooze on Electrostates, Petrostates & the New Cold War",The 2025 LRB Autumn Lecture: a new annual lecture in New York,https://www.eventbrite.co.uk/e/autumn-lecture-adam-tooze-on-electrostates-petrostates-the-new-cold-war-tickets-1693392726229,2025-10-27T19:30:00-04:00,2025-10-27 21:00:00-04:00,40.73542459999999,-73.9938061,https://img.evbuc.com/https%3A%2F%2Fcdn.evbuc.com%2Fimages%2F1127038183%2F66759150595%2F1%2Foriginal.20250917-150923?w=1000&auto=format%2Ccompress&q=75&sharp=10&rect=0%2C0%2C2160%2C1080&s=24d0ca44e1399468270dca1d701962c2,1693392726229,"Education, Business, Community & Culture",Education,Business,Community & Culture
STEM,"Plato’s “Allegory of the Cave,” Mind Review & Cognitive Test",...be so creatively removed from reality that the elusive Mind as no choice but to come out of hiding....,https://www.eventbrite.co.uk/e/platos-allegory-of-the-cave-mind-review-cognitive-test-tickets-1051369503487,2024-10-19T21:00:00+01:00,2025-09-30 22:00:00+01:00,40.75368539999999,-73.9991637,https://cdn.evbuc.com/images/1114771663/227342121523/1/logo.20250904-213849,1051369503487,"Education, Community & Culture, STEM",Education,Community & Culture,STEM
STEM,"EXIN BCS AI Essentials 1 Day Training in New York City, NY","Gain foundational AI knowledge, explore ethical issues, and prepare for certification in this 1-day EXIN BCS AI Essentials course.",https://www.eventbrite.sg/e/exin-bcs-ai-essentials-1-day-training-in-new-york-city-ny-tickets-1372531060349,2025-06-26T09:00:00-04:00,2025-12-19 17:00:00-05:00,40.7131141,-74.0095747,https://cdn.evbuc.com/images/1033826253/2740397811611/1/logo.20250519-093708,1372531060349,"Education, Business, STEM",Education,Business,STEM
STEM,MOCA TALKS – Rock Springs Chinatown and the 1885 Chinese Massacre,Discover daily life in Rock Springs Chinatown before and after the 1885 Chinese Massacre in this archaeological talk.,https://www.eventbrite.com/e/moca-talks-rock-springs-chinatown-and-the-1885-chinese-massacre-tickets-1669719178009,2025-10-01T18:30:00-04:00,2025-10-01 19:30:00-04:00,40.7193785,-73.99905059999999,https://cdn.evbuc.com/images/1120295873/265477260866/1/logo.20250910-175606,1669719178009,"Community & Culture, Education, Charity & Social Causes",Community & Culture,Education,Charity & Social Causes
STEM,"Unlock Your Inner Leader with Awareness - 1 day Workshop in New York, NY","Develop conscious leadership through self-awareness, empathy, and purpose. Lead with clarity, presence, and impact in today’s complex world.",https://www.eventbrite.sg/e/unlock-your-inner-leader-with-awareness-1-day-workshop-in-new-york-ny-tickets-1367021190179,2025-06-11T09:00:00-04:00,2025-12-04 17:00:00-05:00,40.7131141,-74.0095747,https://cdn.evbuc.com/images/1030567683/2740397811611/1/logo.20250514-111250,1367021190179,"Business
Education
Community & Culture",STEM,,
STEM,Introduction to fNIRS,Soterix Medical is partnering with Artinis to host a one-day introductory course on fNIRS.,https://www.eventbrite.com/e/introduction-to-fnirs-tickets-1500038177569,2025-10-10T09:00:00-04:00,2025-10-10 16:30:00-04:00,40.752806,-73.98584720000001,https://cdn.evbuc.com/images/1075604463/406289819927/1/logo.20250717-131355,1500038177569,"STEM, Education, Health & Fitness",STEM,Education,Health & Fitness
STEM,Vape Mic: Build a DIY microphone out of a disposable vape,Be guided through the reassembly of disposable vape components and the addition of a microphone element to make your very own Vape Mic.,https://www.eventbrite.com/e/vape-mic-build-a-diy-microphone-out-of-a-disposable-vape-tickets-1689226284289,2025-10-08T19:00:00-04:00,2025-10-08 22:00:00-04:00,40.6836146,-73.98167289999998,https://cdn.evbuc.com/images/1121428823/73882583/1/logo.20250911-173707,1689226284289,"STEM
Home & Lifestyle
Music",STEM,,
STEM,Working with Slime Mold: A Living Collaboration,Collaborate with slime mold! Discover their gooey genius & make living art in this hands on workshop!,https://www.eventbrite.com/e/working-with-slime-mold-a-living-collaboration-tickets-1659770521309,2025-10-05T15:00:00-04:00,2025-10-05 17:00:00-04:00,40.657167,-74.00316699999996,https://cdn.evbuc.com/images/1045645483/15815826195/1/logo.20250604-122053,1659770521309,"STEM, Education, Community & Culture",STEM,Education,Community & Culture
STEM,Biohacker Boot Camp,"Learn the techniques that facilitated the biotechnology revolution, get hands-on experience, & find out where the future is going with DNA!",https://www.eventbrite.com/e/biohacker-boot-camp-tickets-1527492223359,2025-10-18T10:00:00-04:00,2025-10-25 14:00:00-04:00,40.657167,-74.00316699999996,https://img.evbuc.com/https%3A%2F%2Fcdn.evbuc.com%2Fimages%2F442279269%2F15815826195%2F1%2Foriginal.20190826-214616?w=1000&auto=format%2Ccompress&q=75&sharp=10&rect=0%2C392%2C7360%2C3680&s=075eac6c1ba821320af10d95d44dbbb9,1527492223359,"STEM, Education",STEM,Education,
Food & Drink,UNPLUGGED NYC | LOCK YOUR PHONE &  LIVE THE MOMENT,Tired of seeing everyone glued to their screens? It’s time to disconnect to reconnect at UNPLUGGED the event where phones are locked away!,https://www.eventbrite.com/e/unplugged-nyc-lock-your-phone-live-the-moment-tickets-1505301660789,2025-09-27T22:00:00-04:00,2025-09-28 03:00:00-04:00,40.6730655,-73.9503656,https://cdn.evbuc.com/images/1076772643/238086577899/1/logo.20250718-230230,1505301660789,"Community & Culture, Health & Fitness, Music",Community & Culture,Health & Fitness,Music
Food & Drink,STORYTIME! Plenty Books,Saturday Sept 27th we bring back the Book Fair vibes! What’s your favorite book?,https://www.eventbrite.com/e/storytime-plenty-books-tickets-1704583829119,2025-09-27T22:00:00-04:00,2025-09-28 04:00:00-04:00,40.6592351,-73.9162904,https://cdn.evbuc.com/images/1125070573/243359698154/1/logo.20250916-002847,1704583829119,"Community & Culture, Education",Community & Culture,Education,
Food & Drink,CHEF JJ JOHNSON PRESENTS THE COOKOUT,"Join Chef JJ and Angela Yee for The Cookout– a vibrant celebration where culinary creativity, community, and music take center stage.",https://www.eventbrite.com/e/chef-jj-johnson-presents-the-cookout-tickets-1645188415839,2025-10-18T15:00:00-04:00,2025-10-18 19:00:00-04:00,40.7572236,-73.9731084,https://cdn.evbuc.com/images/1112003653/2881604245631/1/logo.20250902-185300,1645188415839,"Food & Drink
Community & Culture
Music",Food & Drink,,
Food & Drink,Monrovia to Manhattan,"Join us Sept 28, 5–11PM at 1154 1st Ave for Monrovia to Manhattan: A Liberian Food Experience. Tickets: MonroviaToManhattan.Eventbrite.com",https://www.eventbrite.com/e/monrovia-to-manhattan-tickets-1695569115869,2025-09-28T17:00:00-04:00,2025-09-28 23:00:00-04:00,40.7623324,-73.959857,https://cdn.evbuc.com/images/1122984063/209849024044/1/logo.20250913-142507,1695569115869,"Community & Culture
Food & Drink
Nightlife & Parties",Food & Drink,,
Food & Drink,BACCHANAL ON THE BOAT,"️️ SAT SEPT 27TH WE GOING ON THE WATER ️ 
 THE HIGHLY REQUESTED BOAT RIDE BACCHANAL ON THE BOAT!! SAILING 8PM BROOKLYN ARMY TERMINAL",https://www.eventbrite.com/e/bacchanal-on-the-boat-tickets-1670745517819,2025-09-27T20:00:00-04:00,2025-09-28 00:00:00-04:00,40.6447024,-74.02604760000001,https://cdn.evbuc.com/images/1116193593/232344690081/1/logo.20250906-154039,1670745517819,"Nightlife & Parties, Music, Community & Culture",Nightlife & Parties,Music,Community & Culture
Food & Drink,"Sip, Savour and Song","An Evening of Cabaret, Theatre and Community in support of Magis",https://www.eventbrite.com/e/sip-savour-and-song-tickets-1696815594119,2025-10-15T19:00:00-04:00,2025-10-15 21:30:00-04:00,40.7375359,-73.9948254,https://cdn.evbuc.com/images/1123407603/403827044335/1/logo.20250914-085123,1696815594119,"Comedy & Performance, Community & Culture, Charity & Social Causes, Music, Food & Drink",Comedy & Performance,Community & Culture,
Food & Drink,Nonas Supper Club,A New Kind of Dinner Theater!,https://www.eventbrite.com/e/nonas-supper-club-tickets-1595863192769,2025-10-18T18:30:00-04:00,2025-11-15 20:00:00-05:00,40.7455351,-73.9937764,https://cdn.evbuc.com/images/1118755533/2274615435663/1/logo.20250909-140602,1595863192769,"A New Kind of Dinner Theater!: Comedy & Performance, Food & Drink, Nightlife & Parties
Nonas Supper Club: Food & Drink, Community & Culture, Music",,Food & Drink,
Food & Drink,The Pole Brunch: ASYLUM - FOOD ADD-ON,This ticket is for food only and must be purchased in addition to a show ticket for entry to the event.,https://www.eventbrite.com/e/the-pole-brunch-asylum-food-add-on-tickets-1731221603419,2025-10-25T12:15:00-04:00,2025-10-25 15:00:00-04:00,40.720581,-74.0413729,https://cdn.evbuc.com/images/1135746243/189020752635/1/logo.20250925-213930,1731221603419,"Food & Drink
Community & Culture",Food & Drink,,
Food & Drink,Central Park LIVE: NYCs newest Immersive Dining Experience,"Rock & Roll, great bites, and magic collide at NYC’s newest immersive dining experience.",https://www.eventbrite.com/e/central-park-live-nycs-newest-immersive-dining-experience-tickets-1571073185189,2025-08-08T13:30:00-04:00,2025-10-31 22:30:00-04:00,40.7661278,-73.9799349,https://cdn.evbuc.com/images/1091348273/2859123856791/1/logo.20250808-144157,1571073185189,"Music
Food & Drink
Nightlife & Parties",Food & Drink,,
Food & Drink,Curds & Chords: all-you-can-eat cheese concert,"500 lbs of all-you-can-eat cheese, 4 local musicians performing acoustic sets, a star-studded team of cheesemongers: this is Curds & Chords",https://www.eventbrite.com/e/curds-chords-all-you-can-eat-cheese-concert-tickets-1587803646449,2025-09-30T18:00:00-04:00,2025-09-30 21:00:00-04:00,40.71166129999999,-73.93546529999999,https://cdn.evbuc.com/images/1007033423/2354170308683/1/logo.20250411-192601,1587803646449,"Food & Drink, Music, Community & Culture",Food & Drink,Music,Community & Culture
Food & Drink,Barbarinos Big Nite Out!,"A  Variety Show with Singers, Comedians & Specialty Acts",https://www.eventbrite.com/e/barbarinos-big-nite-out-tickets-1625234844169,2025-09-30T19:00:00-04:00,2025-09-30 20:30:00-04:00,40.7592528,-73.9668861,https://cdn.evbuc.com/images/944442063/456426260402/1/logo.20250125-120220,1625234844169,"Music
Comedy & Performance
Nightlife & Parties",Food & Drink,,
Food & Drink,Noise Complaint at Time Out Market powered by Cazadores Tequila,New York’s own DJ LSJ (@lovesweetjones_) is bringing the noise to Time Out Market!,https://www.eventbrite.com/e/noise-complaint-at-time-out-market-powered-by-cazadores-tequila-tickets-1256379538019,2025-04-05T22:00:00-04:00,2026-04-05 02:00:00-04:00,40.703419,-73.99160740000002,https://cdn.evbuc.com/images/966079203/764858118303/1/logo.20250221-101640,1256379538019,"Music
Nightlife & Parties
Food & Drink",Food & Drink,,
Food & Drink,Davidoff Torcedores on Tour,Our Master Roller will be accompanied by the Davidoff Ambassador to bring to life the story of why our Davidoff rollers are the Difference.,https://www.eventbrite.com/e/davidoff-torcedores-on-tour-tickets-1645166209419,2025-10-09T19:00:00-04:00,2025-10-09 22:00:00-04:00,40.7597222,-73.97388889999999,https://cdn.evbuc.com/images/1108942543/58320847073/1/logo.20250829-183422,1645166209419,"Community & Culture, Business, Home & Lifestyle",Community & Culture,Business,Home & Lifestyle
Food & Drink,The Golden Age of Bar Culture: A Gilded Age Walking Tour with Cocktails,Join us for a boozy stroll through history with a cocktail and bar themed walk of Gilded Age Manhattan.,https://www.eventbrite.com/e/the-golden-age-of-bar-culture-a-gilded-age-walking-tour-with-cocktails-tickets-1716965834029,2025-11-09T15:00:00-05:00,2025-11-09 18:00:00-05:00,40.7416924,-73.9869551,https://cdn.evbuc.com/images/1128533493/142500595175/1/logo.20250918-192132,1716965834029,"Food & Drink, Community & Culture, Nightlife & Parties",Food & Drink,Community & Culture,Nightlife & Parties
Food & Drink,Tour of Europe Cheese & Wine Tasting,Take a tour across Europe without leaving Manhattan in this guided tasting of the continents most iconic cheeses and wines.,https://www.eventbrite.com/e/tour-of-europe-cheese-wine-tasting-tickets-1489651621099,2025-11-01T17:30:00-04:00,2025-11-01 19:00:00-04:00,40.73107,-74.00304,https://img.evbuc.com/https%3A%2F%2Fcdn.evbuc.com%2Fimages%2F534190849%2F141392852881%2F1%2Foriginal.20230612-160058?w=1000&auto=format%2Ccompress&q=75&sharp=10&rect=0%2C0%2C2160%2C1080&s=0841400823645e2a603d65c21bf8e9ba,1489651621099,"Food & Drink
Community & Culture
Education",Food & Drink,,
Food & Drink,Day Trip To Wine Country™  - Long Island,"A fun, full-day wine tour exploring local wineries and tasting delicious wines with a Sommelier host.",https://www.eventbrite.com/e/day-trip-to-wine-countrytm-long-island-tickets-1305691280769,2025-04-26T09:00:00-04:00,2025-11-08 18:00:00-05:00,40.7503629,-73.97613299999999,https://img.evbuc.com/https%3A%2F%2Fcdn.evbuc.com%2Fimages%2F715375359%2F48689215320%2F1%2Foriginal.20240309-043404?w=1000&auto=format%2Ccompress&q=75&sharp=10&rect=0%2C845%2C4032%2C2016&s=316abb2687f704351ef5b03438a9ec93,1305691280769,"Food & Drink, Community & Culture, Education",Food & Drink,Community & Culture,Education
Food & Drink,True Crime NYC: Mafia Walk w/Ret. NYPD Detective & Local Food,"Join us for a thrilling Mafia Walk in NYC led by a retired NYPD Detective, followed by tasting delicious local food along the way!",https://www.eventbrite.com/e/true-crime-nyc-mafia-walk-wret-nypd-detective-local-food-tickets-1660432691879,2025-09-14T11:00:00-04:00,2027-01-26 14:30:00-05:00,40.7306699,-73.9855247,https://cdn.evbuc.com/images/1105599503/346757713981/1/logo.20250826-164953,1660432691879,"Community & Culture, Food & Drink, Education",Community & Culture,Food & Drink,Education
Food & Drink,Vegan Food Crawl in Artsy Brooklyn (Daytime Crawl),Vegan Food Crawl in Artsy Brooklyn,https://www.eventbrite.com/e/vegan-food-crawl-in-artsy-brooklyn-daytime-crawl-tickets-1116108413309,2024-12-20T15:30:00-05:00,2026-04-04 15:30:00-04:00,40.703888,-73.93319199999996,https://cdn.evbuc.com/images/674138779/83714442605/1/logo.20240114-063135,1116108413309,"Food & Drink, Community & Culture",Food & Drink,Community & Culture,
Food & Drink,CiderFeast™ Brooklyn 2025,"Kick off Cider Week New York at CiderFeast™ Brooklyn, an all-inclusive celebration of everything hard cider and the foods that go with it.",https://www.eventbrite.com/e/ciderfeasttm-brooklyn-2025-tickets-1374460521419,2025-10-04T12:00:00-04:00,2025-10-04 16:00:00-04:00,40.6565873,-74.00916749999999,https://cdn.evbuc.com/images/1037015963/17483047619/1/logo.20250522-183217,1374460521419,"Food & Drink, Community & Culture",Food & Drink,Community & Culture,
Food & Drink,Chile Wine Fest 2025,Join us for a night of delicious Chilean wines. Taste a variety of wines from different regions of Chile and discover your new favorite.,https://www.eventbrite.com/e/chile-wine-fest-2025-tickets-1567799162499,2025-10-20T18:00:00-04:00,2025-10-20 20:30:00-04:00,40.7286986,-73.9921782,https://cdn.evbuc.com/images/1102055343/517713836217/1/logo.20250821-200012,1567799162499,"Food & Drink, Community & Culture, Nightlife & Parties",Food & Drink,Community & Culture,Nightlife & Parties
Food & Drink,Blocktoberfest 2025 - Presented by the NYC Brewers Guild,"Get ready for the return of your favorite beer festival in NYC - Blocktoberfest, where you can enjoy the best brews from local breweries!",https://www.eventbrite.com/e/blocktoberfest-2025-presented-by-the-nyc-brewers-guild-tickets-1417589411089,2025-09-28T12:00:00-04:00,2025-09-28 16:00:00-04:00,40.6772792,-74.0187905,https://cdn.evbuc.com/images/1055149703/30451944841/1/logo.20250617-193053,1417589411089,"Food & Drink, Community & Culture, Music",Food & Drink,Community & Culture,Music
Food & Drink,Port Wine Fest: A Festival of Portuguese Wines NYC 2025,"Get ready to celebrate Portuguese wines, gastronomy and culture at the one-night-only Port Wine Fest in NYC on Tuesday, October 7th!",https://www.eventbrite.com/e/port-wine-fest-a-festival-of-portuguese-wines-nyc-2025-tickets-1497068675709,2025-10-07T18:00:00-04:00,2025-10-07 21:00:00-04:00,40.7327106,-73.9970289,https://cdn.evbuc.com/images/1076446393/48553892646/1/logo.20250718-143856,1497068675709,"Food & Drink
Community & Culture
Nightlife & Parties",Food & Drink,,
Comedy & Performance,"Junglepussy, DJ Cowriiie- free show presented by misguided spirits","A concert w/ Junglepussy on The Rooftop @ Elsewhere in Bushwick on 9.12! Tickets start at FREE• 7pm • 21+ | Genre: Hip-hop, Rap",https://www.eventbrite.com/e/junglepussy-dj-cowriiie-free-show-presented-by-misguided-spirits-tickets-1693185105229,2025-09-29T19:00:00-04:00,2025-09-29 22:00:00-04:00,40.709411,-73.923169,https://cdn.evbuc.com/images/1124536523/2569518370411/1/logo.20250915-164008,1693185105229,"Music, Nightlife & Parties",Music,Nightlife & Parties,
Comedy & Performance,R&B and Ribs,Join us for R&B and Ribs on The Rooftop @ Elsewhere in Brooklyn!,https://www.eventbrite.com/e/rb-and-ribs-tickets-1591410966039,2025-09-28T16:00:00-04:00,2025-09-28 22:00:00-04:00,40.709411,-73.923169,https://cdn.evbuc.com/images/1095925603/2008100066553/1/logo.20250814-162520,1591410966039,"Music, Food & Drink, Nightlife & Parties",Music,Food & Drink,Nightlife & Parties
Comedy & Performance,NTG LIVE at CODE Astoria,"International Saturdays: NTG Single Release Party for ""Whatever for you"" Remix  @ CODE Astoria",https://www.eventbrite.com/e/ntg-live-at-code-astoria-tickets-1726818443449,2025-09-27T23:00:00-04:00,2025-09-28 04:00:00-04:00,40.7759575,-73.9026841,https://cdn.evbuc.com/images/1130950913/1485492160993/1/logo.20250922-004051,1726818443449,"Music, Nightlife & Parties",Music,Nightlife & Parties,
Comedy & Performance,Crave Radiance: a tribute to Elizabeth Alexander,Join Cave Canem for a special celebration to honor Dr. Elizabeth Alexander’s contributions to American Arts and Letters.,https://www.eventbrite.com/e/crave-radiance-a-tribute-to-elizabeth-alexander-tickets-1608848111009,2025-10-02T19:00:00-04:00,2025-10-02 21:00:00-04:00,40.7083433,-74.0127261,https://cdn.evbuc.com/images/1100327823/207859100407/1/logo.20250820-052130,1608848111009,"Community & Culture, Education, Music",Community & Culture,Education,Music
Comedy & Performance,PIPES: Avi Stein with NOVUS,"With favorite concertos, a jazz-influenced spiritual, and a vast tone poem, Trinity’s organist brings the new instrument to life.",https://www.eventbrite.com/e/pipes-avi-stein-with-novus-tickets-1559643669199,2025-10-15T18:00:00-04:00,2025-10-15 19:00:00-04:00,40.7078931,-74.0117901,https://cdn.evbuc.com/images/1090720633/2183300615243/1/logo.20250807-184230,1559643669199,"Music
Community & Culture
Education",Comedy & Performance,,
Comedy & Performance,As You Like It,"Love, banishment, courtship, melancholy, music  and mirth all intersect in the Forest of Arden in Shakespeares heartfelt comedy!",https://www.eventbrite.com/e/as-you-like-it-tickets-1698615608009,2025-09-28T14:30:00-04:00,2025-09-28 16:30:00-04:00,40.6586608,-73.9756195,https://cdn.evbuc.com/images/1123928923/2894741507211/1/logo.20250915-025302,1698615608009,"Comedy & Performance
Community & Culture
Dating",Comedy & Performance,,
Comedy & Performance,"Stand Clear of the Closing Doors, Please: A Bilingual performance","Stand Clear of the Closing Doors, Please is a one-of-a-kind storytelling performance for children.",https://www.eventbrite.com/e/stand-clear-of-the-closing-doors-please-a-bilingual-performance-tickets-1645475494499,2025-09-28T16:00:00-04:00,2025-09-28 17:00:00-04:00,40.7137739,-73.9676951,https://cdn.evbuc.com/images/1109172663/2164676563113/1/logo.20250829-234441,1645475494499,"Comedy & Performance, Community & Culture, Education",Comedy & Performance,Community & Culture,Education
Comedy & Performance,AMATUER HOUR STAND-UP COMEDY SHOW,"Come check out some of the hottest up and coming comedians in NYC at this cool fun, FREE, show!!! 9/28 4:30pm @ Whiskey Cellar!!",https://www.eventbrite.com/e/amatuer-hour-stand-up-comedy-show-tickets-1668638886829,2025-09-28T16:30:00-04:00,2025-09-28 18:00:00-04:00,40.7274423,-73.9863049,https://cdn.evbuc.com/images/1115350623/1233483261293/1/logo.20250905-141355,1668638886829,"Comedy & Performance, Nightlife & Parties, Community & Culture",Comedy & Performance,Nightlife & Parties,Community & Culture
Comedy & Performance,52 Walker Presents 52W HARDWAY: Live Wrestling,52 WALKER PRESENTS NIGHT ONE OF LIVE MUSIC AND WRESTLING.,https://www.eventbrite.com/e/52-walker-presents-52w-hardway-live-wrestling-tickets-1704282457709,2025-10-03T19:00:00-04:00,2025-10-03 22:00:00-04:00,40.7191723,-74.0032562,https://cdn.evbuc.com/images/1128391123/1868313019173/1/logo.20250918-172850,1704282457709,"Music
Nightlife & Parties
Community & Culture",Comedy & Performance,,
Comedy & Performance,Dia de Muertos Lucha Libre Williamsburg Brooklyn Arlo,"¡Ven a celebrar el Dia de Muertos con lucha libre en Williamsburg, Brooklyn, en el Hotel Arlo!",https://www.eventbrite.com/e/dia-de-muertos-lucha-libre-williamsburg-brooklyn-arlo-tickets-1623091894549,2025-11-02T15:30:00-05:00,2025-11-02 19:00:00-05:00,40.7215045,-73.9587016,https://cdn.evbuc.com/images/1108380543/1660965304583/1/logo.20250829-042037,1623091894549,"Community & Culture, Nightlife & Parties, Food & Drink",Community & Culture,Nightlife & Parties,Food & Drink
Comedy & Performance,The Rugby Pod – Live in NYC! - THE VIP EXPERIENCE,"VIP Rugby fans of New York, this one’s for you. Secure your spot for an exclusive experience at the live recording of The Rugby Pod",https://www.eventbrite.com/e/the-rugby-pod-live-in-nyc-the-vip-experience-tickets-1622855296879,2025-10-29T19:00:00-04:00,2025-10-29 23:30:00-04:00,40.752356,-73.9901802,https://cdn.evbuc.com/images/1102710983/2852296638471/1/logo.20250822-153222,1622855296879,"Community & Culture, Music",Community & Culture,Music,
Comedy & Performance,UFC 320 Live at the Wolfhound,Join us at the Wolfhound for an epic night of UFC 320 Live - get ready for non-stop action and adrenaline-packed fights!,https://www.eventbrite.com/e/ufc-320-live-at-the-wolfhound-tickets-1744191346269,2025-10-04T21:00:00-04:00,2025-10-04 23:30:00-04:00,40.7639599,-73.91542799999999,https://cdn.evbuc.com/images/1135727203/751421274223/1/logo.20250925-211648,1744191346269,"Nightlife & Parties
Food & Drink
Music",Comedy & Performance,,
Comedy & Performance,Showtime Saturdays at Connect Sports Lounge Astoria – Free Event,"Join Showtime Saturdays on Sept 27th at Connect Sports Lounge in Astoria! Free admission all night, DJs Cisco & Egipto, Happy Hour 3–8PM",https://www.eventbrite.com/e/showtime-saturdays-at-connect-sports-lounge-astoria-free-event-tickets-1732805139819,2025-09-27T16:00:00-04:00,2025-09-28 04:00:00-04:00,40.7586,-73.919659,https://cdn.evbuc.com/images/1132282493/190976023388/1/logo.20250923-051234,1732805139819,"Nightlife & Parties, Music, Food & Drink",Nightlife & Parties,Music,Food & Drink
Comedy & Performance,Showtime Saturdays at Connect Sports Lounge Astoria – Free Event,"Join Showtime Saturdays on Sept 27th at Connect Sports Lounge in Astoria! Free admission all night, DJs Cisco & Egipto, Happy Hour 3–8PM",https://www.eventbrite.com/e/showtime-saturdays-at-connect-sports-lounge-astoria-free-event-tickets-1730716161629,2025-09-27T16:00:00-04:00,2025-09-28 04:00:00-04:00,40.7586511,-73.9196209,https://cdn.evbuc.com/images/1131484583/190976023388/1/logo.20250922-153544,1730716161629,"Nightlife & Parties, Music, Food & Drink",Nightlife & Parties,Music,Food & Drink
Comedy & Performance,Slay! Drag queen hosted axe throwing.,"Join us monthly for a fierce and fabulous night of drag performance and axe throwing, hosted by the one and only Phaedra Phaded!",https://www.eventbrite.com/e/slay-drag-queen-hosted-axe-throwing-tickets-829382594667,2024-02-14T20:00:00-05:00,2026-07-08 22:00:00-04:00,40.7282347,-73.960831,https://cdn.evbuc.com/images/1076837433/2003517340463/1/logo.20250719-022229,829382594667,"Comedy & Performance
Nightlife & Parties
Community & Culture",Comedy & Performance,,
Comedy & Performance,Runners High - Twisted Vibration,Come join us for a run starting at Twisted Vibration across the Williamsburg bridge and back to Twisted Vibration. Roll up and run with us!,https://www.eventbrite.com/e/runners-high-twisted-vibration-tickets-1677287113909,2025-10-03T09:30:00-04:00,2025-10-03 11:00:00-04:00,40.7084951,-73.95759819999999,https://cdn.evbuc.com/images/1118015963/2786381117231/1/logo.20250908-204117,1677287113909,"Health & Fitness, Community & Culture",Health & Fitness,Community & Culture,
Comedy & Performance,"Oracle Sisters, Boomershack",A concert w/ Oracle Sisters in The Hall @ Elsewhere in Bushwick on 10.3! Tickets start at $25 • 7:30pm • 16+ | Genre: Indie Rock,https://www.eventbrite.com/e/oracle-sisters-boomershack-tickets-1267799545569,2025-10-03T19:30:00-04:00,2025-10-03 22:30:00-04:00,40.709411,-73.923169,https://cdn.evbuc.com/images/981904953/2569518370411/1/logo.20250312-152908,1267799545569,"Music
Nightlife & Parties",Comedy & Performance,,
Food & Drink,Sand City 10th Anniversary presents Oops! Fest 25,"Sand City Brewery celebrates10 years! Some of the best breweries around will help us celebrate proper. Music, food truck, merch, ya know!",https://www.eventbrite.com/e/sand-city-10th-anniversary-presents-oops-fest-25-tickets-1627013173199,2025-10-04T12:00:00-04:00,2025-10-04 16:00:00-04:00,40.6863183,-73.3726623,https://cdn.evbuc.com/images/1105797263/2337637090653/1/logo.20250826-193501,1627013173199,"Food & Drink, Music, Nightlife & Parties",Food & Drink,Music,Nightlife & Parties
Food & Drink,BYP Oktoberfest 2025,"Join us at our Oktoberfest fundraiser! Enjoy food, beer garden, raffles and music while supporting our recreational & community programs!",https://www.eventbrite.com/e/byp-oktoberfest-2025-tickets-1591584485039,2025-10-11T19:00:00-04:00,2025-10-11 22:00:00-04:00,40.659304,-73.6466931,https://cdn.evbuc.com/images/1095998703/274013493124/1/logo.20250814-173550,1591584485039,"Community & Culture, Food & Drink, Charity & Social Causes",Community & Culture,Food & Drink,Charity & Social Causes
Food & Drink,Slow Food NYCs Inaugural SnailFest,"Join us for a benefit event for NYCs Slow Food movement, celebrating local food champions over a seasonal, thoughtfully crafted dinner.",https://www.eventbrite.com/e/slow-food-nycs-inaugural-snailfest-tickets-1631851805679,2025-10-28T18:00:00-04:00,2025-10-28 21:00:00-04:00,40.7052311,-73.92692989999999,https://cdn.evbuc.com/images/1110629693/173795019377/1/logo.20250901-144435,1631851805679,"Food & Drink
Community & Culture
Charity & Social Causes",Food & Drink,,
Health & Fitness,RNT US Retreat Weekend,"This isn’t just another workshop. A whole weekend. PBs, breakthroughs, global connections, 2026 vision & all-out FUN - are you in?",https://www.eventbrite.co.uk/e/rnt-us-retreat-weekend-tickets-1406334657819,2025-10-04T13:00:00-04:00,2025-10-04 22:00:00-04:00,40.7459869,-73.9831542,https://img.evbuc.com/https%3A%2F%2Fcdn.evbuc.com%2Fimages%2F1049192553%2F621243081263%2F1%2Foriginal.20250609-191045?w=1000&auto=format%2Ccompress&q=75&sharp=10&rect=0%2C405%2C1080%2C540&s=2ce02972ab9678e851d85cc48aece9a7,1406334657819,"Health & Fitness, Community & Culture, Business",Health & Fitness,Community & Culture,Business
Health & Fitness,TRYBE INTENSIVES,Afro dance training customized for you.,https://www.eventbrite.com/e/trybe-intensives-tickets-1709782177519,2025-09-28T14:00:00-04:00,2025-09-28 19:00:00-04:00,40.7537421,-73.9921184,https://cdn.evbuc.com/images/1129245253/251697602769/1/logo.20250919-131558,1709782177519,"Health & Fitness
Community & Culture
Music",Health & Fitness,,
Health & Fitness,Prospect Park Yoga- 10am Saturday,Prospect Park Yoga - Brooklyns only outdoor yoga studio - hosts a class near the 15th Street entrance on Saturday mornings.,https://www.eventbrite.com/e/prospect-park-yoga-10am-saturday-tickets-1353381914739,2025-05-10T10:00:00-04:00,2025-11-01 11:00:00-04:00,40.6616346,-73.9798179,https://cdn.evbuc.com/images/1023429123/2180986015673/1/logo.20250505-145811,1353381914739,"Health & Fitness, Community & Culture, Education",Health & Fitness,Community & Culture,Education
Health & Fitness,Ace Fitness Booty Blast Class,Get ready to work that booty and break a sweat at our Ace Fitness Booty Blast Class - its going to be a killer workout!,https://www.eventbrite.com/e/ace-fitness-booty-blast-class-tickets-1712282395739,2025-09-20T13:30:00-04:00,2025-12-20 14:30:00-05:00,40.6579537,-73.9313927,https://cdn.evbuc.com/images/1126750263/2885500862341/1/logo.20250917-102054,1712282395739,"Health & Fitness
Community & Culture
Education",Health & Fitness,,
Health & Fitness,"Cardio, Core & Hiit Class",Get ready to sweat it out with our Cardio Hiit Class - a high-intensity workout to get your heart pumping and those calories burning!,https://www.eventbrite.com/e/cardio-core-hiit-class-tickets-1710347849459,2025-09-20T16:30:00-04:00,2025-12-27 17:30:00-05:00,40.6579537,-73.9313927,https://img.evbuc.com/https%3A%2F%2Fcdn.evbuc.com%2Fimages%2F1126757843%2F2885502010321%2F1%2Foriginal.png?w=1000&auto=format%2Ccompress&q=75&sharp=10&rect=0%2C0%2C940%2C470&s=5e7b1a62f211fbc014a01b0504a55f33,1710347849459,Health & Fitness,Health & Fitness,,
Home & Lifestyle,Dating App Disconnect,The Rhythm of Connection with Cultura Pa Lante and The Full,https://www.eventbrite.com/e/dating-app-disconnect-tickets-1485105934829,2025-10-23T19:00:00-04:00,2025-10-23 22:00:00-04:00,40.7475616,-73.9544299,https://cdn.evbuc.com/images/1071713013/437892789936/1/logo.20250711-173142,1485105934829,"**The Rhythm of Connection with Cultura Pa Lante:**

*   Community & Culture
*   Music

**The Full and Dating App Disconnect:**

*   Dating
*   Community & Culture",Home & Lifestyle,,
Home & Lifestyle,Tantra Speed Date® - New York! (Meet Singles Speed Dating),"Join the speed dating revolution with a 94% connection rate! Meet singles and ignite sparks with fun, chemistry games!",https://www.eventbrite.com/e/tantra-speed-date-new-york-meet-singles-speed-dating-tickets-1329647705079,2025-10-11T17:30:00-04:00,2025-10-11 20:30:00-04:00,40.7216756,-74.0005206,https://img.evbuc.com/https%3A%2F%2Fcdn.evbuc.com%2Fimages%2F574128479%2F1493533057%2F1%2Foriginal.20230812-192929?w=1000&auto=format%2Ccompress&q=75&sharp=10&rect=0%2C170%2C2048%2C1024&s=104aef40fd0626602d8963e4750a539a,1329647705079,"Dating, Community & Culture, Nightlife & Parties",Dating,Community & Culture,Nightlife & Parties
Home & Lifestyle,Millennial Speed Dating Events in Brooklyn @ Lovejoys NYC | Speed Dating,"Dive into Bushwicks dating scene with our 30s & 40s Speed Dating event at Lovejoys NYC. Meet Brooklyn singles in a fun, fast-paced setting.",https://www.eventbrite.com/e/millennial-speed-dating-events-in-brooklyn-lovejoys-nyc-speed-dating-tickets-1587756826409,2025-10-08T19:00:00-04:00,2025-10-08 21:00:00-04:00,40.7068084,-73.9224721,https://img.evbuc.com/https%3A%2F%2Fcdn.evbuc.com%2Fimages%2F814464139%2F283703784641%2F1%2Foriginal.20240725-150350?w=1000&auto=format%2Ccompress&q=75&sharp=10&rect=0%2C35%2C1920%2C960&s=481c559574dac8d8383e21bc9bca337e,1587756826409,"Dating, Community & Culture, Nightlife & Parties",Dating,Community & Culture,Nightlife & Parties
Home & Lifestyle,Gay Men Speed Dating NYC @ 3 Dollar Bill: Queer Speed Dating,Gay Men Speed Dating at Brooklyns Premiere Queer Bar & Performance Venue. Join us and meet New York Citys most eligible bachelors.,https://www.eventbrite.com/e/gay-men-speed-dating-nyc-3-dollar-bill-queer-speed-dating-tickets-1595856292129,2025-10-01T19:00:00-04:00,2025-10-01 21:30:00-04:00,40.7084419,-73.93820319999999,https://cdn.evbuc.com/images/1096796043/265715930943/1/logo.20250815-154027,1595856292129,"Dating, Community & Culture, Nightlife & Parties",Dating,Community & Culture,Nightlife & Parties
Home & Lifestyle,Millennial Speed Dating  Event @ Tavern 29 |  Speed Dating Ages 28-43,"Meet singles aged 28-43 in a fun, fast-paced speed dating event. Make connections and discover your next match in one exciting night.",https://www.eventbrite.com/e/millennial-speed-dating-event-tavern-29-speed-dating-ages-28-43-tickets-1513193625869,2025-09-28T16:30:00-04:00,2025-09-28 18:30:00-04:00,40.7442781,-73.9839841,https://cdn.evbuc.com/images/919372933/283703784641/1/logo.20241218-020911,1513193625869,"Dating
Nightlife & Parties
Community & Culture",Home & Lifestyle,,
Home & Lifestyle,Millennial Speed Dating |Ages 28-43 | Speed Dating NYC | Tavern 29,This is the perfect chance to meet singles aged 28-43! Enjoy a night of quick connections and meaningful conversations. Your next match.,https://www.eventbrite.com/e/millennial-speed-dating-ages-28-43-speed-dating-nyc-tavern-29-tickets-1513193826469,2025-09-28T16:30:00-04:00,2025-09-28 18:30:00-04:00,40.7442781,-73.9839841,https://cdn.evbuc.com/images/919385023/265715930943/1/logo.20241218-024235,1513193826469,"Dating, Nightlife & Parties, Community & Culture",Dating,Nightlife & Parties,Community & Culture
Home & Lifestyle,Singles Events (Ages 29-42) | New York City Speed Dating | SpeedNYC,Singles Events (Ages 29-42) | New York City Speed Dating | SpeedNYC,https://www.eventbrite.com/e/singles-events-ages-29-42-new-york-city-speed-dating-speednyc-tickets-1518716464829,2025-09-30T19:00:00-04:00,2025-09-30 21:00:00-04:00,40.77033850000001,-73.95358809999999,https://cdn.evbuc.com/images/1077967173/82999394059/1/logo.20250721-160708,1518716464829,"Dating
Community & Culture
Nightlife & Parties",Home & Lifestyle,,
Home & Lifestyle,Design on the Rocks,Join Us for Cocktails + Design during the D&D Buildings Fall Market.,https://www.eventbrite.com/e/design-on-the-rocks-tickets-1564070349519,2025-10-16T16:00:00-04:00,2025-10-16 18:00:00-04:00,40.7608916,-73.9664334,https://cdn.evbuc.com/images/1089804653/1821344484893/1/logo.20250806-182306,1564070349519,"Home & Lifestyle, Food & Drink, Business",Home & Lifestyle,Food & Drink,Business
Home & Lifestyle,The Inn Crowd by Jackie Caradonio with Eliza Clark and Danielle Franko,A captivating collection of stylish getaways and the modern innkeepers who crafted them,https://www.eventbrite.com/e/the-inn-crowd-by-jackie-caradonio-with-eliza-clark-and-danielle-franko-tickets-1685787217949,2025-10-09T18:00:00-04:00,2025-10-09 20:00:00-04:00,40.7435735,-73.9891809,https://cdn.evbuc.com/images/1120620393/183401161946/1/logo.20250910-225352,1685787217949,"Home & Lifestyle
Community & Culture
Food & Drink",Home & Lifestyle,,
Home & Lifestyle,Macys Herald Square Baby Gift Registry Experience,"Come celebrate with us! Meet with your local Baby Gift Registry Experts, meet vendors, enter to win products and more!",https://www.eventbrite.com/e/macys-herald-square-baby-gift-registry-experience-tickets-1388441599199,2025-10-25T12:00:00-04:00,2025-10-25 15:00:00-04:00,40.75083099999999,-73.9890961,https://cdn.evbuc.com/images/974289943/530012220475/1/logo.20250303-234045,1388441599199,"Home & Lifestyle, Community & Culture, Education",Home & Lifestyle,Community & Culture,Education
Home & Lifestyle,Pratt Design Symposium 2025: Designed for Living,Join us  to explore the many facets of designing the home environment and interior spaces.,https://www.eventbrite.com/e/pratt-design-symposium-2025-designed-for-living-tickets-1641484136239,2025-11-18T18:00:00-05:00,2025-11-18 19:30:00-05:00,40.7699738,-73.96440199999999,https://cdn.evbuc.com/images/1121468033/276801931509/1/logo.20250911-181319,1641484136239,"Home & Lifestyle
Community & Culture
Education",Home & Lifestyle,,
Home & Lifestyle,Wedding Garden Open Houses,Come see our beautiful Wedding Garden at Queens Botanical Garden. An incredible space for any event!,https://www.eventbrite.com/e/wedding-garden-open-houses-tickets-1000336743127,2024-09-14T10:00:00-04:00,2025-11-30 11:00:00-05:00,40.751538,-73.82616300000001,https://img.evbuc.com/https%3A%2F%2Fcdn.evbuc.com%2Fimages%2F833012539%2F1444205162%2F1%2Foriginal.20240823-140204?w=1000&auto=format%2Ccompress&q=75&sharp=10&rect=0%2C434%2C4032%2C2016&s=820a931b757c1cc46132eac90b441509,1000336743127,"Community & Culture, Home & Lifestyle, Education",Community & Culture,Home & Lifestyle,Education
Home & Lifestyle,Farm Tours of Battery Urban Farm (Multiple Dates),Take a tour of Battery Urban Farm to learn about how we grow produce and support local wildlife in the heart of downtown New York City,https://www.eventbrite.com/e/farm-tours-of-battery-urban-farm-multiple-dates-tickets-1329150477859,2025-05-08T13:00:00-04:00,2025-10-10 13:00:00-04:00,40.703725,-74.01505309999999,https://cdn.evbuc.com/images/1010822633/296732898449/1/logo.20250416-222330,1329150477859,"Community & Culture, Food & Drink, Education",Community & Culture,Food & Drink,Education
Home & Lifestyle,No Swiping. No Guesswork. Just Connections : NYC,Fast-forward the connection. SuperINTRO launches Oct 3rd. No awkward chats—just evolving stories.,https://www.eventbrite.com/e/no-swiping-no-guesswork-just-connections-nyc-tickets-1625617207829,2025-10-03T18:30:00-04:00,2025-10-03 19:30:00-04:00,40.7536863,-73.9781051,https://cdn.evbuc.com/images/1133208083/1919094397833/1/logo.20250923-204220,1625617207829,"Dating, Community & Culture, Business",Dating,Community & Culture,Business
Home & Lifestyle,Date Night Whodunit in Hoboken: Solve the Murder Mystery!,Turn a regular date into cute and playful adventure with a Whodunit Murder Mystery. Test your compatibility as true detectives for a night.,https://www.eventbrite.com/e/date-night-whodunit-in-hoboken-solve-the-murder-mystery-tickets-1667526319109,2025-09-06T18:00:00-04:00,2025-12-14 23:30:00-05:00,40.74031530000001,-74.0260223,https://cdn.evbuc.com/images/1115096253/680070722233/1/logo.20250905-073907,1667526319109,"Dating
Community & Culture
Nightlife & Parties",Home & Lifestyle,,
Home & Lifestyle,Terrarium Workshop: Sip and Plant in NYC,Create your own self-sustaining Wardian terrarium at this hands-on NYC workshop.,https://www.eventbrite.com/e/terrarium-workshop-sip-and-plant-in-nyc-tickets-1379275954509,2025-06-01T12:00:00-04:00,2026-01-04 13:30:00-05:00,40.7553742,-73.9927007,https://cdn.evbuc.com/images/1038491583/2766941838181/1/logo.20250525-133543,1379275954509,"Home & Lifestyle, Education, Community & Culture",Home & Lifestyle,Education,Community & Culture
Home & Lifestyle,Artful Buzz: VIP Tour & Lunch at Roman & Williams Guild in SoHo on Sept 30,"Its a VIP in-person tour & lunch in SoHo for a one-of-a-kind NYC experience for art-lovers, interior designers, decorators and foodies!",https://www.eventbrite.com/e/artful-buzz-vip-tour-lunch-at-roman-williams-guild-in-soho-on-sept-30-tickets-1660459943389,2025-09-30T11:00:00-04:00,2025-09-30 13:00:00-04:00,40.7201139,-74.00224659999999,https://cdn.evbuc.com/images/1112945623/442712197278/1/logo.20250903-135218,1660459943389,"Food & Drink, Home & Lifestyle, Community & Culture",Food & Drink,Home & Lifestyle,Community & Culture
Home & Lifestyle,"Desi, Indian & South Asian  Singles Speed Dating","This speed dating event is for Desi, Indian & South Asian  Singles!",https://www.eventbrite.com/e/desi-indian-south-asian-singles-speed-dating-tickets-1708750451599,2025-10-03T19:00:00-04:00,2025-10-03 21:00:00-04:00,40.7449824,-73.9942337,https://img.evbuc.com/https%3A%2F%2Fcdn.evbuc.com%2Fimages%2F633111369%2F164949980499%2F1%2Foriginal.20231101-201936?w=1000&auto=format%2Ccompress&q=75&sharp=10&rect=0%2C289%2C624%2C312&s=e8748e11c45ed94710eb0e9b579a82f7,1708750451599,"Dating
Community & Culture",Home & Lifestyle,,
Home & Lifestyle,"Speed Dating for Singles ages 30s & 40s, NYC",Join us for an exciting night of speed dating where you can meet up to 10 singles just like you in one fun evening.,https://www.eventbrite.com/e/speed-dating-for-singles-ages-30s-40s-nyc-tickets-1708959015419,2025-10-09T19:00:00-04:00,2025-10-09 21:00:00-04:00,40.7274423,-73.9863049,https://img.evbuc.com/https%3A%2F%2Fcdn.evbuc.com%2Fimages%2F487926939%2F164949980499%2F1%2Foriginal.20211013-012143?w=1000&auto=format%2Ccompress&q=75&sharp=10&rect=0%2C0%2C1182%2C591&s=748dab5a60ffa0993b2626e79dc3eec9,1708959015419,"Dating, Nightlife & Parties, Community & Culture",Dating,Nightlife & Parties,Community & Culture
Home & Lifestyle,20s & 30s Brooklyn Speed Dating @ Radegast Hall | Speed Dating NYC,Get ready to mingle with like-minded individuals in their 20s and 30s at Radegast Hall in Brooklyn for a night of speed dating in NYC.,https://www.eventbrite.com/e/20s-30s-brooklyn-speed-dating-radegast-hall-speed-dating-nyc-tickets-1587772292669,2025-10-15T19:30:00-04:00,2025-10-15 22:00:00-04:00,40.7166614,-73.96144939999999,https://cdn.evbuc.com/images/865315139/283703784641/1/logo.20241002-232817,1587772292669,"Dating
Community & Culture
Nightlife & Parties",Home & Lifestyle,,
Home & Lifestyle,Singles Events (Ages 36-48) | New York City Speed Dating | Fancy a Go?,Singles Events (Ages 36-48) | New York City Speed Dating | Fancy a Go?,https://www.eventbrite.com/e/singles-events-ages-36-48-new-york-city-speed-dating-fancy-a-go-tickets-1712269116019,2025-10-05T17:00:00-04:00,2025-10-05 19:00:00-04:00,40.7639353,-73.98199679999999,https://cdn.evbuc.com/images/1077735793/185643164872/1/logo.20250721-110203,1712269116019,"Dating
Community & Culture
Nightlife & Parties",Home & Lifestyle,,
Home & Lifestyle,"Speed Dating Event for Gay Men in Brooklyn, NYC @ 3 Dollar Bill",Gay Men Speed Dating at Brooklyns Premiere Queer Bar & Performance Venue. Join us and meet New York Citys most eligible bachelors.,https://www.eventbrite.com/e/speed-dating-event-for-gay-men-in-brooklyn-nyc-3-dollar-bill-tickets-1595856332249,2025-10-01T19:00:00-04:00,2025-10-01 21:30:00-04:00,40.7084419,-73.93820319999999,https://img.evbuc.com/https%3A%2F%2Fcdn.evbuc.com%2Fimages%2F605894709%2F283716994467%2F1%2Foriginal.20230925-181027?w=1000&auto=format%2Ccompress&q=75&sharp=10&rect=0%2C27%2C1920%2C960&s=76a3925dcb66c6e0701da8780d7ebde7,1595856332249,"Dating
Community & Culture
Nightlife & Parties",Home & Lifestyle,,
Home & Lifestyle,T4T Queer Speed Dating in NYC – Trans & Non-Binary Singles Night,A fun and affirming evening for trans singles and non-binary daters to meet and connect in New York City.,https://www.eventbrite.com/e/t4t-queer-speed-dating-in-nyc-trans-non-binary-singles-night-tickets-1545483445589,2025-10-01T19:00:00-04:00,2025-10-01 21:30:00-04:00,40.7084419,-73.93820319999999,https://cdn.evbuc.com/images/1084781243/283716994467/1/logo.20250730-191935,1545483445589,"Dating, Community & Culture, Nightlife & Parties",Dating,Community & Culture,Nightlife & Parties
Home & Lifestyle,Speed Dating for Cougars and Cubs,"This is an event for men who appreciate older, more sophisticated women.",https://www.eventbrite.com/e/speed-dating-for-cougars-and-cubs-tickets-1722549986379,2025-10-02T19:00:00-04:00,2025-10-02 21:00:00-04:00,40.7274423,-73.9863049,https://img.evbuc.com/https%3A%2F%2Fcdn.evbuc.com%2Fimages%2F95028031%2F1224405258%2F1%2Foriginal.20200302-230610?w=1000&auto=format%2Ccompress&q=75&sharp=10&rect=0%2C164%2C1634%2C817&s=4ae76bdfc5180f2de4cdff146c5b0177,1722549986379,"Dating, Community & Culture, Nightlife & Parties",Dating,Community & Culture,Nightlife & Parties
Home & Lifestyle,Bonsai Workshop at SingleCut Beersmiths Queens Taproom,"Beginner workshops are perfect for you to grab your friends, grab a drink and come make tiny trees!",https://www.eventbrite.com/e/bonsai-workshop-at-singlecut-beersmiths-queens-taproom-tickets-1597719715679,2025-10-26T12:30:00-04:00,2025-10-26 14:30:00-04:00,40.77829699999999,-73.90168,https://cdn.evbuc.com/images/935589843/2564632033821/1/logo.20250114-182408,1597719715679,"Education, Food & Drink, Home & Lifestyle",Education,Food & Drink,Home & Lifestyle
Home & Lifestyle,Pet Memorial Art Class,"If your pet has passed away, we are gathering to remember them by creating a painting, clay model, or collage of your beloved friend.",https://www.eventbrite.com/e/pet-memorial-art-class-tickets-1428673343429,2025-07-13T14:00:00-04:00,2026-04-12 16:30:00-04:00,40.7038179,-73.9847436,https://cdn.evbuc.com/images/1058849603/313906310687/1/logo.20250623-184919,1428673343429,"Community & Culture, Home & Lifestyle, Charity & Social Causes",Community & Culture,Home & Lifestyle,Charity & Social Causes
Home & Lifestyle,Elevated Home Ec w Kokujin,"As part of Beleaf Brooklyns BACK2SKOOL workshop series for the grown-ups who miss recess, professional baker KOKUJIN brings home ec!",https://www.eventbrite.com/e/elevated-home-ec-w-kokujin-tickets-1661240778889,2025-09-10T17:00:00-04:00,2025-10-08 19:00:00-04:00,40.6835199,-73.9500808,https://cdn.evbuc.com/images/1114285583/1023116278743/1/logo.20250904-151122,1661240778889,"Food & Drink, Home & Lifestyle, Education",Food & Drink,Home & Lifestyle,Education
Home & Lifestyle,Bonsai Workshop at TALEA Beer Co - Williamsburg,"Beginner workshops are perfect for you to grab your friends, grab a drink and come make tiny trees!",https://www.eventbrite.com/e/bonsai-workshop-at-talea-beer-co-williamsburg-tickets-1712276869209,2025-09-25T19:00:00-05:00,2025-11-13 21:00:00-06:00,40.7187106,-73.94817239999999,https://cdn.evbuc.com/images/935589843/2564632033821/1/logo.20250114-182408,1712276869209,"Home & Lifestyle, Food & Drink, Education",Home & Lifestyle,Food & Drink,Education
Home & Lifestyle,Sunday Sips & Succulents - Terrarium Workshop,Join us at Fern & Fossil every Sunday from 12:30 PM to 2:00 PM for a relaxing and creative afternoon at Sunday Sips & Succulents!,https://www.eventbrite.com/e/sunday-sips-succulents-terrarium-workshop-tickets-1304126801369,2025-03-30T12:30:00-04:00,2025-12-21 14:00:00-05:00,40.7328617,-74.18249340000001,https://cdn.evbuc.com/images/995103673/32953042825/1/logo.20250328-152511,1304126801369,"Community & Culture, Food & Drink, Home & Lifestyle",Community & Culture,Food & Drink,Home & Lifestyle
Home & Lifestyle,"BYOBonsai Pruning and Wiring Class, 9/28","Bring your own bonsai and shape, prune, and style with help from the masters.",https://www.eventbrite.com/e/byobonsai-pruning-and-wiring-class-928-tickets-1671950090729,2025-09-28T15:30:00-04:00,2025-09-28 17:00:00-04:00,40.6974393,-73.97191459999999,https://img.evbuc.com/https%3A%2F%2Fcdn.evbuc.com%2Fimages%2F483400159%2F209998357109%2F1%2Foriginal.20230402-182300?w=1000&auto=format%2Ccompress&q=75&sharp=10&rect=0%2C0%2C2160%2C1080&s=675c4de232018ddfbde26484d94cbd5f,1671950090729,"Home & Lifestyle, Education, Community & Culture",Home & Lifestyle,Education,Community & Culture
Home & Lifestyle,Older Women/Younger Men - Speed Dating (Men Sold Out),This speed dating event is for older women and younger men (Cougars & Cubs).,https://www.eventbrite.com/e/older-womenyounger-men-speed-dating-men-sold-out-tickets-1693113200159,2025-10-02T19:00:00-04:00,2025-10-02 21:00:00-04:00,40.7274423,-73.9863049,https://img.evbuc.com/https%3A%2F%2Fcdn.evbuc.com%2Fimages%2F814574099%2F164949980499%2F1%2Foriginal.20240725-172930?w=1000&auto=format%2Ccompress&q=75&sharp=10&rect=0%2C0%2C612%2C306&s=810faef7abec59cc892d565ad946ba2a,1693113200159,"Dating
Community & Culture
Nightlife & Parties",Home & Lifestyle,,
Home & Lifestyle,Speed Dating for Millennials (28-43) at Tavern 29: NYC Events,Calling all NYC Millennial singles!  30! Join us in New York City for a fun evening of speed dating. Discover offline connections!,https://www.eventbrite.com/e/speed-dating-for-millennials-28-43-at-tavern-29-nyc-events-tickets-1513197677989,2025-09-28T16:30:00-04:00,2025-09-28 18:30:00-04:00,40.7442781,-73.9839841,https://cdn.evbuc.com/images/919384763/283716994467/1/logo.20241218-024140,1513197677989,"Dating, Community & Culture, Nightlife & Parties",Dating,Community & Culture,Nightlife & Parties
Nightlife & Parties,Opening: David Wojnarowicz: Arthur Rimbaud in New York,Opening of David Wojnarowicz: Arthur Rimbaud in New York at the Leslie-Lohman Museum of Art,https://www.eventbrite.com/e/opening-david-wojnarowicz-arthur-rimbaud-in-new-york-tickets-1567148155319,2025-09-30T18:00:00-04:00,2025-09-30 20:00:00-04:00,40.721669,-74.00309,https://cdn.evbuc.com/images/1090478313/15872997613/1/logo.20250807-142733,1567148155319,"Community & Culture, Education",Community & Culture,Education,
Nightlife & Parties,Roll & Bowl at Brooklyn Bowl with Hii NYC & DJ Camilo,"Celebrate bowling, music, and culture at Brooklyn Bowl. Enjoy free bowling, a live DJ, and special event prizes. Sept 29, 6–10PM.",https://www.eventbrite.com/e/roll-bowl-at-brooklyn-bowl-with-hii-nyc-dj-camilo-tickets-1587231695729,2025-09-29T18:00:00-04:00,2025-09-29 22:00:00-04:00,40.7218874,-73.9573813,https://cdn.evbuc.com/images/1105399713/1954391369103/1/logo.20250826-140814,1587231695729,"Music, Nightlife & Parties, Community & Culture",Music,Nightlife & Parties,Community & Culture
Nightlife & Parties,Lulada Club Salsa Night,Join Lulada Club at Olly Olly Market for this free salsa event in October!,https://www.eventbrite.com/e/lulada-club-salsa-night-tickets-1669611395629,2025-10-07T18:00:00-04:00,2025-10-07 21:00:00-04:00,40.7513273,-74.0059052,https://cdn.evbuc.com/images/1093062173/1206644848343/1/logo.20250811-175319,1669611395629,"Music
Nightlife & Parties
Community & Culture",Nightlife & Parties,,
Nightlife & Parties,Isabel Azkarate. She is Her Camera.,"Join us for the opening of an exhibition dedicated to Isabel Azkarate, the first female photojournalist from the Basque Country (Spain).",https://www.eventbrite.com/e/isabel-azkarate-she-is-her-camera-tickets-1661234780949,2025-10-02T19:00:00-04:00,2025-10-02 20:30:00-04:00,40.75499619999999,-73.97043459999999,https://cdn.evbuc.com/images/1113327903/2596877422501/1/logo.20250903-182543,1661234780949,"Community & Culture, Education, Music",Community & Culture,Education,Music
Comedy & Performance,WIA NYC Animation Festival,Get ready for a day filled with amazing animations at the WIA NYC Animation Festival!,https://www.eventbrite.com/e/wia-nyc-animation-festival-tickets-1587969462409,2025-10-04T18:30:00-04:00,2025-10-04 21:00:00-04:00,40.7460403,-73.9996948,https://cdn.evbuc.com/images/1095113423/2863986740351/1/logo.20250813-193943,1587969462409,"Community & Culture, Education, Music",Community & Culture,Education,Music
Comedy & Performance,Animation Nights New York: In Every Sense [screening],Short animated films by emerging creators from around the world competing in the Animation Nights New York (ANNY) festival.,https://www.eventbrite.com/e/animation-nights-new-york-in-every-sense-screening-tickets-1712217230829,2025-10-07T20:00:00-04:00,2025-10-07 21:30:00-04:00,40.76908110000001,-73.95648039999998,https://cdn.evbuc.com/images/1127320203/169569148912/1/logo.20250917-183649,1712217230829,"Community & Culture, Music, Education",Community & Culture,Music,Education
Comedy & Performance,CWP Film Center Screening of K-Pop Demon Hunter,"KPOP Demon Hunters follows a retired K-pop girl group who secretly battle demons while navigating fame, friendship, and fierce combat.",https://www.eventbrite.com/e/cwp-film-center-screening-of-k-pop-demon-hunter-tickets-1695868290709,2025-10-05T16:00:00-04:00,2025-10-05 18:00:00-04:00,40.78887599999999,-73.97725849999999,https://cdn.evbuc.com/images/1128211753/2769351830861/1/logo.20250918-145317,1695868290709,"Music
Community & Culture
Comedy & Performance",Comedy & Performance,,
Comedy & Performance,"""Killer of the Haunt: At Gravity Hill"" Movie Premiere","Movie Premiere of Sixtoomany Productions newest film - ""Killer of the Haunt: At Gravity Hill""",https://www.eventbrite.com/e/killer-of-the-haunt-at-gravity-hill-movie-premiere-tickets-1508315956629,2025-10-10T19:00:00-04:00,2025-10-10 22:00:00-04:00,40.7627111,-73.9780408,https://cdn.evbuc.com/images/1077591443/1458130319513/1/logo.20250721-035306,1508315956629,"Community & Culture, Music, Nightlife & Parties",Community & Culture,Music,Nightlife & Parties
Comedy & Performance,Superman (2025) Ft. The Krypto Cut with HBO Max,"Join HBO Max at Pier 17 for a dog-friendly screening of the blockbuster hit SUPERMAN, including a pre-film showing of The Krypto Cut!",https://www.eventbrite.com/e/superman-2025-ft-the-krypto-cut-with-hbo-max-tickets-1708816930439,2025-09-30T18:00:00-04:00,2025-09-30 21:30:00-04:00,40.7057717,-74.0017925,https://cdn.evbuc.com/images/1134383273/140826931972/1/logo.20250924-191418,1708816930439,"Community & Culture, Film, Home & Lifestyle",Community & Culture,,Home & Lifestyle
Comedy & Performance,Amplifying Voices from the Global South: New York,A multi-city screening series from VC x Al Jazeera English,https://www.eventbrite.com/e/amplifying-voices-from-the-global-south-new-york-tickets-1676755323309,2025-10-02T18:30:00-04:00,2025-10-02 22:00:00-04:00,40.7460403,-73.9996948,https://cdn.evbuc.com/images/1124947293/505805231449/1/logo.20250915-220531,1676755323309,"Community & Culture, Education, Charity & Social Causes",Community & Culture,Education,Charity & Social Causes
Comedy & Performance,Start Acting on TV!  Break Into Hollywood LIVE in NYC!,Launch your careeer at our Materclass to  Start Acting on TV  and meet TOP Hollywood Managers  that can get you started in the business!,https://www.eventbrite.com/e/start-acting-on-tv-break-into-hollywood-live-in-nyc-tickets-1680873210019,2025-09-28T13:00:00-04:00,2025-09-28 15:00:00-04:00,40.7536301,-73.99198779999999,https://img.evbuc.com/https%3A%2F%2Fcdn.evbuc.com%2Fimages%2F467810229%2F242003366833%2F1%2Foriginal.20230313-183241?w=1000&auto=format%2Ccompress&q=75&sharp=10&rect=0%2C24%2C640%2C320&s=c3f4824b173a642877400df6c90de074,1680873210019,"Comedy & Performance, Education, Business",Comedy & Performance,Education,Business
Comedy & Performance,Unregulated: A One-Act Musical by Marcia Belsky,"Come join Marcia Belsky (100 Tampons, Handmaid’s Tale: The Musical) for a read through of her work in progress musical Unregulated.",https://www.eventbrite.com/e/unregulated-a-one-act-musical-by-marcia-belsky-tickets-1554921394749,2025-09-28T19:30:00-04:00,2025-09-28 22:00:00-04:00,40.6785007,-73.9833014,https://cdn.evbuc.com/images/1102768883/149919291057/1/logo.20250822-163442,1554921394749,"Comedy & Performance, Music, Education",Comedy & Performance,Music,Education
Comedy & Performance,L Word Trivia presented by Lez Hang Out and Cruising,"Who killed Jenny Schecter? While nobody but Ilene Chaiken can answer that question for sure--lez be honest, it was totally Bette.",https://www.eventbrite.com/e/l-word-trivia-presented-by-lez-hang-out-and-cruising-tickets-1661459733789,2025-09-28T20:00:00-04:00,2025-09-28 22:00:00-04:00,40.73114,-74.00653,https://cdn.evbuc.com/images/1113752703/148701546097/1/logo.20250904-013928,1661459733789,"Comedy & Performance
Community & Culture
Trivia",Comedy & Performance,,
Comedy & Performance,Late Night Trash Can,Join comedian Jenny Hagel and other Late Night writers as they perform material they wrote for their jobs that didn’t quite make the cut!,https://www.eventbrite.com/e/late-night-trash-can-tickets-1591512128619,2025-10-05T19:00:00-04:00,2025-10-05 21:00:00-04:00,40.6785007,-73.9833014,https://cdn.evbuc.com/images/1095943973/149919291057/1/logo.20250814-164147,1591512128619,"Comedy & Performance, Community & Culture, Nightlife & Parties",Comedy & Performance,Community & Culture,Nightlife & Parties
Comedy & Performance,"Office Hours East feat. Jon Glaser, Tami Sagher & Tory Harris","New York Jonathan, Slice, Football, and Producer Tory are BAAAAAACK!",https://www.eventbrite.com/e/office-hours-east-feat-jon-glaser-tami-sagher-tory-harris-tickets-1596593878269,2025-10-19T19:30:00-04:00,2025-10-19 22:30:00-04:00,40.6785007,-73.9833014,https://cdn.evbuc.com/images/1105489463/149919291057/1/logo.20250826-152205,1596593878269,"Comedy & Performance, Community & Culture",Comedy & Performance,Community & Culture,
Comedy & Performance,Forever Noon: A Twilight Saga Musical Parody,Forever Noon is a darkly funny reimagining of the Twilight franchise with original songs (and a surprising twist) you won’t soon forget.,https://www.eventbrite.com/e/forever-noon-a-twilight-saga-musical-parody-tickets-1656832664099,2025-10-20T19:30:00-04:00,2025-10-20 22:00:00-04:00,40.6785007,-73.9833014,https://cdn.evbuc.com/images/1111638723/149919291057/1/logo.20250902-142226,1656832664099,"Comedy & Performance, Music",Comedy & Performance,Music,
Comedy & Performance,NYCF 2025: Drinnies Live,"The live version of one of Germanys biggest podcast, Drinnies is bringing the show for the first time ever to the USA as part of the NYCF!",https://www.eventbrite.com/e/nycf-2025-drinnies-live-tickets-1515971133469,2025-11-14T20:00:00-05:00,2025-11-14 22:00:00-05:00,40.6785007,-73.9833014,https://cdn.evbuc.com/images/1097139593/149919291057/1/logo.20250815-223407,1515971133469,"Comedy & Performance, Community & Culture, Music",Comedy & Performance,Community & Culture,Music
Comedy & Performance,Uncommon Comedy Fest: Craig,Join Craig for a night of sketch comedy as a part of Uncommon Comedy Fest.,https://www.eventbrite.com/e/uncommon-comedy-fest-craig-tickets-1699150367489,2025-09-28T19:00:00-04:00,2025-09-28 20:15:00-04:00,40.7077096,-73.9436284,https://cdn.evbuc.com/images/1124014443/350907270965/1/logo.20250915-061942,1699150367489,"Comedy & Performance, Community & Culture, Nightlife & Parties",Comedy & Performance,Community & Culture,Nightlife & Parties
Comedy & Performance,Brooklyn SciFi Film Festival - Best of Brooklyn Night,New York filmmakers take center stage for Best of Brooklyn Night at the Brooklyn SciFi Film Festival on Wed. October 8th at Stuart Cinema.,https://www.eventbrite.com/e/brooklyn-scifi-film-festival-best-of-brooklyn-night-tickets-1708701876309,2025-10-08T19:00:00-04:00,2025-10-08 22:00:00-04:00,40.7292003,-73.959396,https://cdn.evbuc.com/images/1126259123/573565109441/1/logo.20250916-214612,1708701876309,"Community & Culture
Music
STEM",Comedy & Performance,,
Comedy & Performance,Smiles XI,Smiles 11th annual Film Festival,https://www.eventbrite.com/e/smiles-xi-tickets-1572025523659,2025-10-11T19:00:00-04:00,2025-10-11 22:00:00-04:00,40.69931589999999,-73.9383412,https://cdn.evbuc.com/images/1094382983/136164785806/1/logo.20250813-011501,1572025523659,"Community & Culture, Film, Education",Community & Culture,,Education
Comedy & Performance,Brooklyn SciFi Film Festival - Alamo Film Screening & Awards Night,The Brooklyn SciFi Film Festival returns to the Alamo Drafthouse in Downtown Brooklyn for its premier live screening event on Sat 10/11,https://www.eventbrite.com/e/brooklyn-scifi-film-festival-alamo-film-screening-awards-night-tickets-1708884863629,2025-10-11T18:00:00-04:00,2025-10-11 21:00:00-04:00,40.6911804,-73.98315560000002,https://cdn.evbuc.com/images/1134323473/573565109441/1/logo.20250924-182329,1708884863629,"Community & Culture, STEM, Education",Community & Culture,STEM,Education
Comedy & Performance,New York International CINEVERSE Film Festival: Best Films Showcase,CinéCiné & Uzima Studios present the BEST SHORT FILMS SHOW  from the New York CINEVERSE Film Fest. Be thrilled by trailblazing cinema!,https://www.eventbrite.fr/e/new-york-international-cineverse-film-festival-best-films-showcase-tickets-1227328024159,2025-10-18T18:00:00-04:00,2025-10-18 22:00:00-04:00,40.7246939,-73.99016569999999,https://img.evbuc.com/https%3A%2F%2Fcdn.evbuc.com%2Fimages%2F1115138343%2F424954248729%2F1%2Foriginal.20250905-090734?w=1000&auto=format%2Ccompress&q=75&sharp=10&rect=0%2C0%2C2160%2C1080&s=b6cb9fe41f4a34df6297a710e909a982,1227328024159,"Community & Culture, Music, Education",Community & Culture,Music,Education
Comedy & Performance,Bushwick Walk-In Studio Portraits,"Capture your best angles & personality for our Walk-In Studio Portraits event with professional M Apisak, special rate, no filters needed!",https://www.eventbrite.com/e/bushwick-walk-in-studio-portraits-tickets-1735584683509,2025-09-27T10:00:00-04:00,2025-09-28 21:00:00-04:00,40.7066363,-73.9283585,https://cdn.evbuc.com/images/1133247373/2889873427531/1/logo.20250923-211343,1735584683509,"Community & Culture, Business, Home & Lifestyle",Community & Culture,Business,Home & Lifestyle
Comedy & Performance,Great Films You May Never See Film Festival,Come check out some awesome films that may have slipped under your radar at our Great Films You May Never See Film Festival!,https://www.eventbrite.com/e/great-films-you-may-never-see-film-festival-tickets-1640765356349,2025-09-28T10:00:00-04:00,2025-09-28 21:00:00-04:00,40.813109,-73.9549756,https://cdn.evbuc.com/images/1108238233/332916468771/1/logo.20250828-233553,1640765356349,"Community & Culture, Music, Education",Community & Culture,Music,Education
Comedy & Performance,SHORT FILM FESTIVAL - LIVE EVENT - NYC INDIE SHORTS AWARDS,Get ready for a night of indie short films at the NYC Indie Shorts Awards - Live Event - Short Film Festival!,https://www.eventbrite.com/e/short-film-festival-live-event-nyc-indie-shorts-awards-tickets-1692733715109,2025-10-03T13:30:00-04:00,2025-10-05 22:00:00-04:00,40.7714331,-73.993651,https://cdn.evbuc.com/images/1122737033/576770577743/1/logo.20250912-224827,1692733715109,"Community & Culture, Music, Education",Community & Culture,Music,Education
Comedy & Performance,Movie Night - Magma,La Soufrière volcano in Guadeloupe threatens eruption; two volcanologists race to protect islanders amid rising tension.,https://www.eventbrite.com/e/movie-night-magma-tickets-1640984311249,2025-10-08T18:30:00-04:00,2025-10-08 20:30:00-04:00,40.7688624,-73.95153169999998,https://cdn.evbuc.com/images/1108061783/32111136447/1/logo.20250828-200537,1640984311249,"Education, Community & Culture, STEM",Education,Community & Culture,STEM
Comedy & Performance,Film Screening - ¡Dolores Guapa!,Film screening followed by a conversation with the filmmaker,https://www.eventbrite.com/e/film-screening-dolores-guapa-tickets-1739260518029,2025-10-02T18:00:00-04:00,2025-10-02 20:30:00-04:00,40.7308053,-73.9984357,https://cdn.evbuc.com/images/1134323073/2776036508331/1/logo.20250924-182307,1739260518029,"Community & Culture, Education",Community & Culture,Education,
Clubbing,club babu tour:  Jai Wolf (DJ Set),"Club night w/ Jai Wolf (DJ Set) @ Elsewhere in Bushwick on 11.22! Tickets start at $30 • 10:30pm • 21+ | Genre: House, Bass, Trance, Pop",https://www.eventbrite.com/e/club-babu-tour-jai-wolf-dj-set-tickets-1681284299599,2025-11-22T22:30:00-05:00,2025-11-23 04:00:00-05:00,40.709411,-73.923169,https://cdn.evbuc.com/images/1129670633/2569518370411/1/logo.20250919-202330,1681284299599,"Nightlife & Parties, Music",Nightlife & Parties,Music,
Speed Networking,Business Speed Networking with Net-Worth Mingle: NYC Multi-Industry Event,Mingle with professionals and make connections at our New York City speed networking event! This is in partnership w/ WAGMI-Connect as host.,https://www.eventbrite.com/e/business-speed-networking-with-net-worth-mingle-nyc-multi-industry-event-tickets-1722813925829,2025-10-14T19:00:00-04:00,2025-10-14 20:30:00-04:00,40.7106455,-74.007977,https://cdn.evbuc.com/images/1006242863/2619087895061/1/logo.20250410-204902,1722813925829,"Business, Community & Culture, Education",Business,Community & Culture,Education
Speed Networking,NetworkNite New York City Speed Networking | Business Professionals Event,NetworkNite New York City Speed Networking | Business Professionals Event,https://www.eventbrite.com/e/networknite-new-york-city-speed-networking-business-professionals-event-tickets-1677733990529,2025-10-03T19:30:00-04:00,2025-10-03 21:30:00-04:00,40.719819,-73.9870967,https://img.evbuc.com/https%3A%2F%2Fcdn.evbuc.com%2Fimages%2F457822529%2F209499566848%2F1%2Foriginal.jpg?w=1000&auto=format%2Ccompress&q=75&sharp=10&rect=0%2C0%2C2160%2C1080&s=2b27d4e0ec7b2e70a5c62de5875a6f0a,1677733990529,"Business, Community & Culture, Education",Business,Community & Culture,Education
Speed Networking,Speed Networking And Business Matchmaking : Fast Way to Expand Your Network,Speed Networking & Business Matchmaking : Fast Way to Expand Your Network,https://www.eventbrite.com/e/speed-networking-and-business-matchmaking-fast-way-to-expand-your-network-tickets-1635670447339,2025-11-03T18:30:00-05:00,2025-11-03 20:30:00-05:00,40.752396,-73.98477059999999,https://img.evbuc.com/https%3A%2F%2Fcdn.evbuc.com%2Fimages%2F517771769%2F301868615568%2F1%2Foriginal.20190515-041029?w=1000&auto=format%2Ccompress&q=75&sharp=10&rect=0%2C61%2C1200%2C600&s=8c952da5f6204559f107b52ece2315d9,1635670447339,"Business
Education
Community & Culture",Speed Networking,,
Speed Networking,NetworkNite New York City Speed Networking | Business Professionals Event,NetworkNite New York City Speed Networking | Business Professionals Event,https://www.eventbrite.com/e/networknite-new-york-city-speed-networking-business-professionals-event-tickets-1677734040679,2025-10-17T19:30:00-04:00,2025-10-17 21:30:00-04:00,40.719819,-73.9870967,https://img.evbuc.com/https%3A%2F%2Fcdn.evbuc.com%2Fimages%2F457822529%2F209499566848%2F1%2Foriginal.jpg?w=1000&auto=format%2Ccompress&q=75&sharp=10&rect=0%2C0%2C2160%2C1080&s=2b27d4e0ec7b2e70a5c62de5875a6f0a,1677734040679,"Business, Community & Culture, Education",Business,Community & Culture,Education
Icebreakers,Speed Dating With Icebreakers: Ages 38-50,"Get ready to meet new people, have a blast, and break the ice with interesting questions at our Speed Dating with fun games vent!",https://www.eventbrite.com/e/speed-dating-with-icebreakers-ages-38-50-tickets-1735388807639,2025-10-11T18:30:00-04:00,2025-10-11 20:00:00-04:00,40.7512301,-73.9838982,https://cdn.evbuc.com/images/1087247753/1924315149053/1/logo.20250803-190934,1735388807639,"Dating, Community & Culture, Nightlife & Parties",Dating,Community & Culture,Nightlife & Parties
Showcases,"Apex Master Expos – Designer Fashion Shows in New York, NY, USA",Get ready for the ultimate showcase of top designers and their latest collections at the Apex Master Expos – Designer Fashion Shows in New Y,https://www.eventbrite.com/e/apex-master-expos-designer-fashion-shows-in-new-york-ny-usa-tickets-1635235416149,2026-05-14T09:00:00-04:00,2026-05-17 21:00:00-04:00,43.555813,-73.6455893,https://cdn.evbuc.com/images/1106457553/2852248080931/1/logo.20250827-130700,1635235416149,"Community & Culture, Home & Lifestyle, Business",Community & Culture,Home & Lifestyle,Business
Lounges,Ultimate  Bar Lounge & Rooftop Night Out NYC,"Hosted group tour which visits four unique New York City bars, pubs and speakeasies culminating at a majestic rooftop lounge.",https://www.eventbrite.com/e/ultimate-bar-lounge-rooftop-night-out-nyc-tickets-501944959887,2023-02-18T19:00:00-05:00,2025-12-23 22:00:00-05:00,40.76207999999999,-73.98651339999999,https://img.evbuc.com/https%3A%2F%2Fcdn.evbuc.com%2Fimages%2F416309989%2F8867781973%2F1%2Foriginal.20230101-161625?w=1000&auto=format%2Ccompress&q=75&sharp=10&rect=0%2C262%2C2048%2C1024&s=ba0c88a17be72677dd3843098dd666a4,501944959887,"Food & Drink
Nightlife & Parties
Community & Culture",Lounges,,
Lounges,Midtown Unleashed- A Locals Rooftop & Bar Night Out,"Join a thrilling journey of NYCs vibrant nightlife scene. Experience a tour like no other, exploring the hidden gems of Hells Kitchen.",https://www.eventbrite.com/e/midtown-unleashed-a-locals-rooftop-bar-night-out-tickets-763631160357,2023-11-21T19:00:00-05:00,2025-10-23 22:00:00-04:00,40.76207999999999,-73.98651339999999,https://img.evbuc.com/https%3A%2F%2Fcdn.evbuc.com%2Fimages%2F645424529%2F175631572886%2F1%2Foriginal.20231120-215428?w=1000&auto=format%2Ccompress&q=75&sharp=10&rect=0%2C63%2C2016%2C1008&s=a95993755555760509494bc9c71056f4,763631160357,"Nightlife & Parties, Food & Drink, Community & Culture",Nightlife & Parties,Food & Drink,Community & Culture
Charity & Social Causes,"Sanctuary, Immigration and Refuge:  Quakers Respond to the Crisis","Sunday, September 28, 1–4 PM, the Quaker Meeting in Manhattan hosts a lively discussion about defending immigrant rights. Free event.",https://www.eventbrite.com/e/sanctuary-immigration-and-refuge-quakers-respond-to-the-crisis-tickets-1626768872489,2025-09-28T13:00:00-04:00,2025-09-28 16:00:00-04:00,40.7338391,-73.9852527,https://cdn.evbuc.com/images/1103902723/1971580125/1/logo.20250824-204821,1626768872489,"Community & Culture, Charity & Social Causes, Education",Community & Culture,Charity & Social Causes,Education
Charity & Social Causes,"Tatou Festival: Action, Climate Awareness, Activism","In partnership with the Tatou Festival, the A/P/A Institute at NYU hosts a special screening of poignant short films.",https://www.eventbrite.com/e/tatou-festival-action-climate-awareness-activism-tickets-1587981247659,2025-10-01T18:00:00-04:00,2025-10-01 20:30:00-04:00,40.7279614,-73.99160789999999,https://cdn.evbuc.com/images/1095060003/38592145146/1/logo.20250813-185710,1587981247659,"Community & Culture, Education, Charity & Social Causes",Community & Culture,Education,Charity & Social Causes
Charity & Social Causes,The Gathering for Justice 20th Anniversary Benefit Gala,"Join us for a night of power, passion and purpose celebrating 20 years  of movement-building,  legacy and collective vision for the future.",https://www.eventbrite.com/e/the-gathering-for-justice-20th-anniversary-benefit-gala-tickets-1477913833059,2025-10-13T18:00:00-04:00,2025-10-13 21:00:00-04:00,40.78887599999999,-73.97725849999999,https://cdn.evbuc.com/images/1127380623/556586829635/1/logo.20250917-192311,1477913833059,"Charity & Social Causes, Community & Culture, Music",Charity & Social Causes,Community & Culture,Music
Charity & Social Causes,The Awareness Affair: Breaking Silence and Building Bonds,"Join us for an evening of reflection, connection, and empowerment.",https://www.eventbrite.com/e/the-awareness-affair-breaking-silence-and-building-bonds-tickets-1717477765229,2025-10-18T17:00:00-04:00,2025-10-18 21:00:00-04:00,40.6237372,-73.93617239999999,https://cdn.evbuc.com/images/1128939223/2212781547243/1/logo.20250919-032907,1717477765229,"Community & Culture, Charity & Social Causes, Education",Community & Culture,Charity & Social Causes,Education
Charity & Social Causes,GameStrong for Life: A Sneaker Gala for Resilience and Renewal,"Get ready to step up your sneaker game at  ""GameStrong for Life"" – a ""Fundraiser"" gala celebrating resilience and renewal!",https://www.eventbrite.com/e/gamestrong-for-life-a-sneaker-gala-for-resilience-and-renewal-tickets-1538806935969,2025-10-04T18:00:00-04:00,2025-10-04 23:00:00-04:00,40.6564708,-73.9236281,https://cdn.evbuc.com/images/1084899433/2794003583591/1/logo.20250730-213728,1538806935969,"Charity & Social Causes, Community & Culture, Music",Charity & Social Causes,Community & Culture,Music
Charity & Social Causes,Shine a Light on CDV,Shine a light on Childhood Domestic Violence CDV - the least known Adverse Childhood Experience (ACE),https://www.eventbrite.com/e/shine-a-light-on-cdv-tickets-1275409767949,2025-10-09T18:00:00-04:00,2025-10-09 20:30:00-04:00,40.75758889999999,-73.97445069999999,https://cdn.evbuc.com/images/1107765773/2670091669671/1/logo.20250828-160244,1275409767949,"Charity & Social Causes, Education, Community & Culture",Charity & Social Causes,Education,Community & Culture
Charity & Social Causes,Grandmas Hands 11th Anniversary Gala,"Grandma’s Hands celebrates 11 years of legacy, love, and intergenerational connection.",https://www.eventbrite.com/e/grandmas-hands-11th-anniversary-gala-tickets-1613608158439,2025-10-11T17:00:00-04:00,2025-10-11 21:00:00-04:00,40.6915504,-73.984484,https://cdn.evbuc.com/images/1101364633/838963228163/1/logo.20250821-041036,1613608158439,"Community & Culture, Charity & Social Causes, Music",Community & Culture,Charity & Social Causes,Music
Charity & Social Causes,Breast cancer donations  & walk fundraiser,Curvy women ladies walk team participates making strides of Staten Island walk raising funds for a good cause,https://www.eventbrite.com/e/breast-cancer-donations-walk-fundraiser-tickets-1303865720469,2025-10-26T08:00:00-04:00,2025-10-26 15:00:00-04:00,40.5788677,-74.07802989999999,https://cdn.evbuc.com/images/994841533/754458406363/1/logo.20250328-052654,1303865720469,"Health & Fitness, Charity & Social Causes, Community & Culture",Health & Fitness,Charity & Social Causes,Community & Culture
Charity & Social Causes,IAW NYC: Making Strides at Central Park for Breast Cancer Awareness Walk,Be part of the movement that turns hope into action—one stride at a time.,https://www.eventbrite.com/e/iaw-nyc-making-strides-at-central-park-for-breast-cancer-awareness-walk-tickets-1731001675609,2025-10-19T08:00:00-04:00,2025-10-19 12:00:00-04:00,40.773502,-73.9789261,https://cdn.evbuc.com/images/1131623553/120864962523/1/logo.20250922-173039,1731001675609,"Charity & Social Causes, Health & Fitness, Community & Culture",Charity & Social Causes,Health & Fitness,Community & Culture
Charity & Social Causes,Pace For Purpose Crew Love Run 3.0,"Lace up for Pace For Purpose & Crew Love Run 3.0! Run, sweat & spread love with your crew while moving for a cause that matters.",https://www.eventbrite.com/e/pace-for-purpose-crew-love-run-30-tickets-1715386440019,2025-10-18T08:30:00-04:00,2025-10-18 16:00:00-04:00,40.801928,-73.91067579999999,https://cdn.evbuc.com/images/1135780863/156349101862/1/logo.20250925-222034,1715386440019,"Health & Fitness, Charity & Social Causes, Community & Culture",Health & Fitness,Charity & Social Causes,Community & Culture
Charity & Social Causes,2025 New York Walk with Us to Cure Lupus,Lupus Research Alliance Invites New York Metro Community to Walk with Us to Cure Lupus October 18.,https://www.eventbrite.com/e/2025-new-york-walk-with-us-to-cure-lupus-tickets-1526893532659,2025-10-18T08:00:00-04:00,2025-10-18 11:00:00-04:00,40.7648801,-74.0008306,https://cdn.evbuc.com/images/1080508433/2844182252611/1/logo.20250724-143220,1526893532659,"Health & Fitness, Charity & Social Causes, Community & Culture",Health & Fitness,Charity & Social Causes,Community & Culture
Charity & Social Causes,MILES TOWARD A MOVEMENT,"Miles Toward a Movement is a virtual fundraiser that allows you to choose your course, movement, and donation amount.",https://www.eventbrite.com/e/miles-toward-a-movement-tickets-1470990786039,2025-09-26T10:00:00-04:00,2025-09-29 00:00:00-04:00,40.7500267,-73.9754014,https://cdn.evbuc.com/images/1068385273/243990095259/1/logo.20250707-203633,1470990786039,"Charity & Social Causes, Health & Fitness, Community & Culture",Charity & Social Causes,Health & Fitness,Community & Culture
Charity & Social Causes,Gardening at Ralph Ellison Memorial,Come join us to steward the garden beds at Ralph Ellison Memorial,https://www.eventbrite.com/e/gardening-at-ralph-ellison-memorial-tickets-996061315207,2024-08-24T09:00:00-04:00,2026-03-28 11:00:00-04:00,40.8304495,-73.94975099999999,https://img.evbuc.com/https%3A%2F%2Fcdn.evbuc.com%2Fimages%2F828321719%2F314449838937%2F1%2Foriginal.20240816-113509?w=1000&auto=format%2Ccompress&q=75&sharp=10&rect=0%2C0%2C2560%2C1280&s=4867e55a82039e1431cd256ded8cd1e1,996061315207,"Community & Culture, Charity & Social Causes, Home & Lifestyle",Community & Culture,Charity & Social Causes,Home & Lifestyle
Charity & Social Causes,Night of Ten Thousand Sandwiches (NOTTS) 2025!,Free food & access to all NJ non-profits/resources  for homeless individuals and low-income families! **Free transportation available!**,https://www.eventbrite.com/e/night-of-ten-thousand-sandwiches-notts-2025-tickets-1341412433699,2025-10-18T12:00:00-04:00,2025-10-18 16:00:00-04:00,40.7281661,-74.1758351,https://cdn.evbuc.com/images/1035467113/271620830914/1/logo.20250520-234842,1341412433699,"Food & Drink, Charity & Social Causes, Community & Culture",Food & Drink,Charity & Social Causes,Community & Culture
Charity & Social Causes,The Bravest Fall Festival & Fundraiser,"Get ready to enjoy a day filled with family, fun games, and exciting surprises at The Bravest Fall Festival & Fundraiser!",https://www.eventbrite.com/e/the-bravest-fall-festival-fundraiser-tickets-1511203172369,2025-10-11T12:00:00-04:00,2025-10-11 17:00:00-04:00,40.6023673,-74.16899889999999,https://cdn.evbuc.com/images/1078357973/206807410754/1/logo.20250722-000017,1511203172369,"Community & Culture, Charity & Social Causes, Food & Drink",Community & Culture,Charity & Social Causes,Food & Drink
Charity & Social Causes,Times Square Durga Puja 2025,Join us for the vibrant and colorful celebration of Durga Puja in the heart of Times Square in 2025!,https://www.eventbrite.com/e/times-square-durga-puja-2025-tickets-1647570901919,2025-10-03T10:00:00-04:00,2025-10-04 10:00:00-04:00,40.7587254,-73.98772579999999,https://cdn.evbuc.com/images/1109750533/2883011427431/1/logo.20250831-051348,1647570901919,"Community & Culture, Music, Charity & Social Causes",Community & Culture,Music,Charity & Social Causes
Charity & Social Causes,My Sisters Lighthouse 15th Annual Walk+Festival Against Domestic Violence,"Bring your Noisemakers, Signs, and Voices to Raise Awareness and Support Victims and Survivors of Domestic Violence!  ***wear purple***",https://www.eventbrite.com/e/my-sisters-lighthouse-15th-annual-walkfestival-against-domestic-violence-tickets-1628610902049,2025-10-04T10:00:00-04:00,2025-10-04 17:00:00-04:00,40.7321343,-74.17361,https://cdn.evbuc.com/images/1104445423/184005154504/1/logo.20250825-155210,1628610902049,"Charity & Social Causes, Community & Culture, Health & Fitness",Charity & Social Causes,Community & Culture,Health & Fitness
Charity & Social Causes,4th Annual A Mile in Their Shoes Domestic Violence Walk & Family Festival,"Join us for the 4th Annual Domestic Violence Walk & Family Festival - walk, raise awareness, and enjoy a fun day with family and friends",https://www.eventbrite.com/e/4th-annual-a-mile-in-their-shoes-domestic-violence-walk-family-festival-tickets-1617463339389,2025-10-04T12:00:00-04:00,2025-10-04 15:00:00-04:00,40.6008954,-74.1583113,https://cdn.evbuc.com/images/1104686623/303240611781/1/logo.20250825-192144,1617463339389,"Charity & Social Causes, Health & Fitness, Community & Culture",Charity & Social Causes,Health & Fitness,Community & Culture
Charity & Social Causes,3rd Annual Kindness Carnival™,"Kindness Carnival™ is back! FREE inflatables, food, haircuts & more as we stand together against bullying.",https://www.eventbrite.com/e/3rd-annual-kindness-carnivaltm-tickets-1505734645859,2025-10-04T13:00:00-04:00,2025-10-04 17:00:00-04:00,40.68913730000001,-73.74288709999999,https://cdn.evbuc.com/images/1077358683/1747409558033/1/logo.20250720-174747,1505734645859,"Community & Culture, Charity & Social Causes, Food & Drink",Community & Culture,Charity & Social Causes,Food & Drink
Charity & Social Causes,Swing for the City,"Come join us at Swing for the City, where well be enjoying some golf for a great cause. All golf levels welcome!",https://www.eventbrite.com/e/swing-for-the-city-tickets-1676684020039,2025-11-07T18:30:00-05:00,2025-11-07 20:30:00-05:00,40.7484018,-73.9892996,https://cdn.evbuc.com/images/1117747303/2893172319251/1/logo.20250908-173704,1676684020039,"Charity & Social Causes, Health & Fitness, Community & Culture",Charity & Social Causes,Health & Fitness,Community & Culture
Charity & Social Causes,Green Drinks Brooklyn,Are you interested in sustainability or environmental issues. Meet some like minded folks in casual setting.,https://www.eventbrite.com/e/green-drinks-brooklyn-tickets-1557487148989,2025-08-20T18:00:00-04:00,2025-12-17 22:00:00-05:00,40.6941004,-74.0004977,https://img.evbuc.com/https%3A%2F%2Fcdn.evbuc.com%2Fimages%2F1087950063%2F2855009516611%2F1%2Foriginal.20250804-183009?w=1000&auto=format%2Ccompress&q=75&sharp=10&rect=0%2C31%2C576%2C288&s=0346b737855568a24aab2622960af279,1557487148989,"Community & Culture, Food & Drink, Charity & Social Causes",Community & Culture,Food & Drink,Charity & Social Causes
Charity & Social Causes,JJ Byrne Playground Cleanup at the Old Stone House - Fall 2025,Get ready to make a splash and help us beautify the park!,https://www.eventbrite.com/e/jj-byrne-playground-cleanup-at-the-old-stone-house-fall-2025-tickets-1647142259839,2025-10-04T08:45:00-04:00,2025-10-04 10:00:00-04:00,40.67271249999999,-73.9840273,https://cdn.evbuc.com/images/1116768093/22990859294/1/logo.20250907-183005,1647142259839,"Community & Culture, Charity & Social Causes, Home & Lifestyle",Community & Culture,Charity & Social Causes,Home & Lifestyle
Charity & Social Causes,Gotham Gators Give Back Fall Series: NOVEMBER - The NYC Marathon,The Gotham Gator Club invites you to volunteer with New York Road Runners for the 2025 New York City Marathon. Register with NYRR by 9/30.,https://www.eventbrite.com/e/gotham-gators-give-back-fall-series-november-the-nyc-marathon-tickets-714084575187,2025-11-02T11:30:00-05:00,2025-11-02 16:30:00-05:00,40.7127753,-74.0059728,https://img.evbuc.com/https%3A%2F%2Fcdn.evbuc.com%2Fimages%2F590788689%2F196442804848%2F1%2Foriginal.20190909-204333?w=1000&auto=format%2Ccompress&q=75&sharp=10&rect=111%2C0%2C628%2C314&s=cfd73e7119d32e867248cb83b27b6243,714084575187,"Health & Fitness, Charity & Social Causes, Community & Culture",Health & Fitness,Charity & Social Causes,Community & Culture
Charity & Social Causes,100 Cities Project: Newark | Dinner with Strangers Sept ‘25,City life can be lonely when you’re surrounded by so many people. Take the opportunity to meet other locals over dinner.,https://www.eventbrite.com/e/100-cities-project-newark-dinner-with-strangers-sept-25-tickets-1648868523139,2025-09-01T19:00:00-04:00,2025-09-30 22:00:00-04:00,40.7231264,-74.1416127,https://cdn.evbuc.com/images/1110168223/2590974569761/1/logo.20250901-000223,1648868523139,"Community & Culture, Food & Drink, Dating",Community & Culture,Food & Drink,Dating
Charity & Social Causes,Kids Give Back 2 Model Casting,DymeLyfe Productions is casting models for their second  annual Give Back event on November 1st! Sign up your child today!!,https://www.eventbrite.com/e/kids-give-back-2-model-casting-tickets-1721863101889,2025-09-28T16:00:00-04:00,2025-10-12 20:00:00-04:00,40.6972233,-73.98250260000002,https://cdn.evbuc.com/images/894940933/186292142134/1/logo.20241108-171256,1721863101889,"Community & Culture, Charity & Social Causes, Education",Community & Culture,Charity & Social Causes,Education
Charity & Social Causes,The Power of Communication: A Back-to-School Creative Writing Fundraiser,"Enjoy original stories by talented kids, stretch your literary muscles, and get to know creative writing education nonprofit Cosmic Writers.",https://www.eventbrite.com/e/the-power-of-communication-a-back-to-school-creative-writing-fundraiser-tickets-1608656447739,2025-09-30T18:00:00-04:00,2025-09-30 19:00:00-04:00,40.7613316,-73.9706626,https://cdn.evbuc.com/images/1100299983/1082136397693/1/logo.20250820-040551,1608656447739,"Education, Community & Culture, Charity & Social Causes",Education,Community & Culture,Charity & Social Causes
Community & Culture,Back to the Earth: Understanding Green Burial,"Join us for a hands-on, three-part program that invites participants to explore the philosophy, practice, and artistry of natural burial.",https://www.eventbrite.com/e/back-to-the-earth-understanding-green-burial-tickets-1571503622639,2025-09-28T14:00:00-04:00,2025-09-28 17:00:00-04:00,40.6579777,-73.9940634,https://img.evbuc.com/https%3A%2F%2Fcdn.evbuc.com%2Fimages%2F1091489783%2F2829258341421%2F1%2Foriginal.20250808-173530?w=1000&auto=format%2Ccompress&q=75&sharp=10&rect=0%2C329%2C2250%2C1125&s=d0067077bbbfe61b3f058fe6e7905dae,1571503622639,"Community & Culture, Home & Lifestyle, Education",Community & Culture,Home & Lifestyle,Education
Community & Culture,The Longest Table: Chelsea 2025,Get ready for The Longest Table Chelsea 2025! Connect. Create community. Eat + have fun.,https://www.eventbrite.com/e/the-longest-table-chelsea-2025-tickets-1578919995209,2025-10-05T12:00:00-04:00,2025-10-05 14:00:00-04:00,40.7464969,-74.0094471,https://cdn.evbuc.com/images/1112004853/2861956426951/1/logo.20250902-185402,1578919995209,"Community & Culture, Food & Drink, Charity & Social Causes",Community & Culture,Food & Drink,Charity & Social Causes
Community & Culture,The AI Mirror: How to Reclaim Our Humanity in an Age of Machine Thinking,The Anita and Antonio Gotto Lecture Series presents an exciting presentation on artificial intelligence with Professor Shannon Vallor,https://www.eventbrite.com/e/the-ai-mirror-how-to-reclaim-our-humanity-in-an-age-of-machine-thinking-tickets-1477998155269,2025-09-28T14:00:00-04:00,2025-09-28 15:00:00-04:00,40.76206,-73.9752479,https://cdn.evbuc.com/images/1069945293/271580568033/1/logo.20250709-153437,1477998155269,"STEM, Education, Community & Culture",STEM,Education,Community & Culture
Community & Culture,"""Alma Hispana"" Hispanic Heritage Month Celebration","""Alma Hispana"" Hispanic Heritage Month Celebration – Music, Food & Culture | Sept 28 at Hudson County Community College",https://www.eventbrite.com/e/alma-hispana-hispanic-heritage-month-celebration-tickets-1598758883859,2025-09-28T14:00:00-04:00,2025-09-28 16:00:00-04:00,40.7308921,-74.0659739,https://cdn.evbuc.com/images/1104296603/1573552488323/1/logo.20250825-130259,1598758883859,"Community & Culture, Music, Food & Drink",Community & Culture,Music,Food & Drink
Community & Culture,Ren Kreyol,"Rèn Kreyòl is a living symphony of Creole heritage, celebrating its richness and enduring influence on global music.",https://www.eventbrite.com/e/ren-kreyol-tickets-1256996463259,2025-10-04T19:00:00-04:00,2025-10-04 23:30:00-04:00,40.6954775,-73.9867728,https://cdn.evbuc.com/images/1004461363/149764832362/1/logo.20250409-011102,1256996463259,"Community & Culture, Music, Education",Community & Culture,Music,Education
Community & Culture,No Borders for Lovers,The art of vibration. A mystical blindfolded journey,https://www.eventbrite.com/e/no-borders-for-lovers-tickets-1702892490279,2025-10-08T19:00:00-04:00,2025-10-08 22:00:00-04:00,40.7239502,-73.99597299999999,https://cdn.evbuc.com/images/1017034333/1786340661393/1/logo.20250425-212343,1702892490279,"Community & Culture, Music, Dating",Community & Culture,Music,Dating
Community & Culture,THE IDEASMYTH SALON: Stories on Stage • 28 October 2025,Come join us at IDEASMYTH SALON for a night with top talent sneak previewing their next projects!,https://www.eventbrite.com/e/the-ideasmyth-salon-stories-on-stage-28-october-2025-tickets-1627000605609,2025-10-28T18:00:00-04:00,2025-10-28 22:00:00-04:00,40.73053609999999,-73.9859737,https://cdn.evbuc.com/images/1104091933/74331242787/1/logo.20250825-033747,1627000605609,"Community & Culture, Comedy & Performance, Education",Community & Culture,Comedy & Performance,Education
Community & Culture,Espanglish in NYC,This is Santi Espinosas new show ESPANGLISH,https://www.eventbrite.com/e/espanglish-in-nyc-tickets-1657920989309,2025-10-24T21:00:00-04:00,2025-10-24 23:00:00-04:00,40.7644318,-73.9856638,https://cdn.evbuc.com/images/1112389903/2598668815081/1/logo.20250903-002120,1657920989309,"Comedy & Performance, Community & Culture, Music",Comedy & Performance,Community & Culture,Music
Community & Culture,Winz-35 Presents: Brooklyn Dreams Open Mic!,Come share your talents at Winz-35s Brooklyn Dreams Open Mic every Wednesday at 8PM - its gonna be lit!,https://www.eventbrite.com/e/winz-35-presents-brooklyn-dreams-open-mic-tickets-1571899707339,2025-08-13T20:00:00-04:00,2025-10-08 21:30:00-04:00,40.6908465,-73.92475240000002,https://cdn.evbuc.com/images/892443933/127071611051/1/logo.20241105-194619,1571899707339,"Music, Comedy & Performance, Community & Culture",Music,Comedy & Performance,Community & Culture
Community & Culture,Open Hours,Come visit the Old Stone House during our public Open Hours.,https://www.eventbrite.com/e/open-hours-tickets-1443657852499,2025-08-08T12:00:00-04:00,2025-10-12 16:00:00-04:00,40.67298849999999,-73.98460229999999,https://cdn.evbuc.com/images/1094933463/22990859294/1/logo.20250813-170055,1443657852499,"Community & Culture, Education, Home & Lifestyle",Community & Culture,Education,Home & Lifestyle
Community & Culture,Mansion & Grounds Tour,"This in-depth tour of the Morris-Jumel Mansion explores the historical context of the homes architecture, site, and  former residents.",https://www.eventbrite.com/e/mansion-grounds-tour-tickets-117799261763,2020-09-10T11:00:00-04:00,2025-10-31 12:00:00-04:00,40.8344548,-73.93857270000001,https://img.evbuc.com/https%3A%2F%2Fcdn.evbuc.com%2Fimages%2F110265415%2F142764430182%2F1%2Foriginal.20200902-173741?w=1000&auto=format%2Ccompress&q=75&sharp=10&rect=0%2C322%2C4288%2C2144&s=2e916fc0bb92672d10a5a35d8d8d2b5a,117799261763,"Community & Culture, Home & Lifestyle, Education",Community & Culture,Home & Lifestyle,Education
Community & Culture,Museum Admission,Explore the Dyckman Farmhouse Museum independently during our open hours this summer!,https://www.eventbrite.com/e/museum-admission-tickets-1366075631989,2025-05-21T12:00:00-04:00,2025-11-01 16:00:00-04:00,40.8673838,-73.9229408,https://cdn.evbuc.com/images/1030833933/1046925615553/1/logo.20250514-161412,1366075631989,"Community & Culture, Education, Home & Lifestyle",Community & Culture,Education,Home & Lifestyle
Community & Culture,Self-Guided Interior Tour,Book a self-guided tour of the Morris-Jumel Mansion (built in 1765) to learn more about the homes rich history and inhabitants.,https://www.eventbrite.com/e/self-guided-interior-tour-tickets-119292177113,2020-09-10T13:00:00-04:00,2025-10-31 16:00:00-04:00,40.8344548,-73.93857270000001,https://img.evbuc.com/https%3A%2F%2Fcdn.evbuc.com%2Fimages%2F344828149%2F142764430182%2F1%2Foriginal.20200824-203643?w=1000&auto=format%2Ccompress&q=75&sharp=10&rect=0%2C40%2C1200%2C600&s=00e71727bb217b6ab3cc437c290d7327,119292177113,"Community & Culture, Home & Lifestyle, Education",Community & Culture,Home & Lifestyle,Education
Community & Culture,NYC Fungus Festival 2025,"Welcome to the third Fungus Festival, organized by the New York Mycological Society in partnership with Randalls Island Park Alliance",https://www.eventbrite.com/e/nyc-fungus-festival-2025-tickets-1603730895279,2025-10-05T11:00:00-04:00,2025-10-05 15:00:00-04:00,40.7841949,-73.92590330000002,https://cdn.evbuc.com/images/1100213783/1149880137503/1/logo.20250820-012601,1603730895279,"Community & Culture, Food & Drink, Education",Community & Culture,Food & Drink,Education
Community & Culture,NYC Mid-Autumn Fest 2025,"A day-long festival of NYC’s Asian-American Arts & Food Scene, featuring performance artists, creators, musicians/DJs, chefs, and artisans.",https://www.eventbrite.com/e/nyc-mid-autumn-fest-2025-tickets-1557830415709,2025-10-04T12:00:00-04:00,2025-10-05 04:00:00-04:00,40.6926229,-73.9884546,https://cdn.evbuc.com/images/1088114643/2120677017283/1/logo.20250804-212534,1557830415709,"Community & Culture, Food & Drink, Music",Community & Culture,Food & Drink,Music
Community & Culture,Sabores Mexico NYC,For the 1st year…We are excited to announce “ Sabores Mexico” in the heart of Times Square,https://www.eventbrite.com/e/sabores-mexico-nyc-tickets-1632744004269,2025-10-09T18:00:00-04:00,2025-10-09 21:00:00-04:00,40.76046679999999,-73.98425069999999,https://cdn.evbuc.com/images/1105668303/2877868708641/1/logo.20250826-175136,1632744004269,"Food & Drink, Community & Culture, Music",Food & Drink,Community & Culture,Music
Community & Culture,PUERTO RICAN FESTIVAL @ PERREO ON THE PIER - REGGAETON PARTY,Thursday to sundaylatin reggaeton party,https://www.eventbrite.com/e/puerto-rican-festival-perreo-on-the-pier-reggaeton-party-tickets-1669241228449,2025-09-19T19:00:00-04:00,2026-06-08 02:00:00-04:00,40.704517,-74.003123,https://cdn.evbuc.com/images/1119598583/2751387001211/1/logo.20250910-034525,1669241228449,"Nightlife & Parties, Music, Community & Culture",Nightlife & Parties,Music,Community & Culture
Community & Culture,"Fear, Failure, Risk-Taking – Strong Allies for Career Breakthroughs -  NYC",What holds you back can launch you forward. Join Life/Executive/Career Coach Jim Arnoff to expand your comfort zone.,https://www.eventbrite.com/e/fear-failure-risk-taking-strong-allies-for-career-breakthroughs-nyc-tickets-1485179996349,2025-10-07T18:30:00-04:00,2025-10-07 20:30:00-04:00,40.7431251,-73.98975209999999,https://cdn.evbuc.com/images/1107964623/767898029763/1/logo.20250828-184543,1485179996349,"Business, Education, Community & Culture",Business,Education,Community & Culture
Community & Culture,Death Cafe,The Death Cafe is a simple yet powerful idea: bring people together to openly discuss one of life’s greatest truths—death.,https://www.eventbrite.com/e/death-cafe-tickets-1571103044499,2025-12-16T18:30:00-05:00,2025-12-16 20:00:00-05:00,40.6579777,-73.9940634,https://cdn.evbuc.com/images/920393933/8938453233/1/logo.20241219-160054,1571103044499,"Community & Culture, Charity & Social Causes, Education",Community & Culture,Charity & Social Causes,Education
Community & Culture,"You Are What You Eat - a Writing Workshop, Open Mic + Potluck","A writing workshop, open mic, and potluck celebrating the ways food connects us to memory, culture, and identity",https://www.eventbrite.com/e/you-are-what-you-eat-a-writing-workshop-open-mic-potluck-tickets-1695493810629,2025-09-28T17:00:00-04:00,2025-09-28 20:00:00-04:00,40.7000637,-73.9295296,https://cdn.evbuc.com/images/1123101423/1942532141573/1/logo.20250913-180739,1695493810629,"Community & Culture, Food & Drink, Education",Community & Culture,Food & Drink,Education
Education,CONVENE: The Great Rewiring of Childhood with Jonathan Haidt,"How the Great Rewiring of Childhood Caused an International Mental Health Crisis, and How We Can Reverse It",https://www.eventbrite.com/e/convene-the-great-rewiring-of-childhood-with-jonathan-haidt-tickets-1657277815559,2025-10-10T11:00:00-04:00,2025-10-10 11:50:00-04:00,40.72088979999999,-74.0064314,https://cdn.evbuc.com/images/1118268493/2305723025113/1/logo.20250909-012729,1657277815559,"Education, Health & Fitness, Community & Culture",Education,Health & Fitness,Community & Culture
Education,The New York Public Librarys Annual College Fair,"Join us for NYPLs College Fair for on Wednesday, October 15, from 10 AM to 1 PM!",https://www.eventbrite.com/e/the-new-york-public-librarys-annual-college-fair-tickets-1544601898859,2025-10-15T10:00:00-04:00,2025-10-15 13:00:00-04:00,40.75803399999999,-73.9917031,https://cdn.evbuc.com/images/1084421513/203672242129/1/logo.20250730-124028,1544601898859,"Education, Community & Culture, Business",Education,Community & Culture,Business
Education,Access Family Program: Airplanes vs. Helicopters (Children),The Intrepid Museum offers Access Family Programs for children with developmental disabilities and their families!,https://www.eventbrite.com/e/access-family-program-airplanes-vs-helicopters-children-tickets-1606624419889,2025-10-05T11:00:00-04:00,2025-10-05 13:00:00-04:00,40.7645266,-73.99960759999999,https://cdn.evbuc.com/images/1099558463/978458457013/1/logo.20250819-141315,1606624419889,"Community & Culture, Education, STEM",Community & Culture,Education,STEM
Education,Choose Kids Not Polluters,Environmental art workshop with Climate Families NYC.,https://www.eventbrite.com/e/choose-kids-not-polluters-tickets-1712311793669,2025-09-28T15:00:00-04:00,2025-09-28 17:00:00-04:00,40.67298849999999,-73.98460229999999,https://cdn.evbuc.com/images/1132842183/22990859294/1/logo.20250923-161552,1712311793669,"Community & Culture, Education, Charity & Social Causes",Community & Culture,Education,Charity & Social Causes
Education,Educators Night: Banned Books Edition with Frederick Joseph,A chance for educators to mingle and network with one another and learn more about new titles and opportunities for your school!,https://www.eventbrite.com/e/educators-night-banned-books-edition-with-frederick-joseph-tickets-1623374580069,2025-10-07T19:30:00-04:00,2025-10-07 20:30:00-04:00,40.6861766,-73.9745672,https://cdn.evbuc.com/images/1109005013/202203143927/1/logo.20250829-193911,1623374580069,"Education, Community & Culture, Business",Education,Community & Culture,Business
Education,Educator Open House,Gallery Quest: An Immersive Education Challenge,https://www.eventbrite.com/e/educator-open-house-tickets-1712381000669,2025-10-02T16:00:00-04:00,2025-10-02 19:00:00-04:00,40.7425815,-74.1713888,https://cdn.evbuc.com/images/1127513583/79046713631/1/logo.20250917-211528,1712381000669,"Education, STEM, Community & Culture",Education,STEM,Community & Culture
Education,NSHS Family Fun Day!,"Come join us for a day of fun with your NSHS family - games, food, and laughter guaranteed!",https://www.eventbrite.com/e/nshs-family-fun-day-tickets-1736309381099,2025-10-18T11:00:00-04:00,2025-10-18 14:00:00-04:00,40.7529326,-73.9085305,https://cdn.evbuc.com/images/1133622723/2474781804271/1/logo.20250924-055702,1736309381099,"Community & Culture, Food & Drink, Education",Community & Culture,Food & Drink,Education
Education,Explore Schools Fall Festival,Enjoy fun games and free dental screenings by Lasante Health Center! Dress as your favorite storybook character!,https://www.eventbrite.com/e/explore-schools-fall-festival-tickets-1720697304959,2025-10-25T12:00:00-04:00,2025-10-25 15:00:00-04:00,40.6564304,-73.9513202,https://cdn.evbuc.com/images/1129403183/1099055981483/1/logo.20250919-155540,1720697304959,"Community & Culture, Health & Fitness, Education",Community & Culture,Health & Fitness,Education
Education,Harlem Charter School Fair & Kids Activity Expo,Join us for a fun-filled day of exploring educational options in our community!,https://www.eventbrite.com/e/harlem-charter-school-fair-kids-activity-expo-tickets-1703989842489,2026-01-10T12:00:00-05:00,2026-01-10 15:00:00-05:00,40.7935092,-73.9386916,https://cdn.evbuc.com/images/1126986463/284482157375/1/logo.20250917-143001,1703989842489,"Education, Community & Culture, Charity & Social Causes",Education,Community & Culture,Charity & Social Causes
Education,GO FISH!,BATTERY PARK CITY’S CELEBRATION OF LIFE IN THE HUDSON ESTUARY,https://www.eventbrite.com/e/go-fish-tickets-1400333387859,2025-10-04T10:30:00-04:00,2025-10-04 13:00:00-04:00,40.7053451,-74.0188119,https://cdn.evbuc.com/images/1046929093/115136999501/1/logo.20250605-195700,1400333387859,"Community & Culture, Education, STEM",Community & Culture,Education,STEM
Education,Green-Wood on Wheels: Stroller-Friendly Walking Tour,Looking for a peaceful outdoor space to take a stroll with your baby? Join us at Green-Wood for a stroller-friendly walk.,https://www.eventbrite.com/e/green-wood-on-wheels-stroller-friendly-walking-tour-tickets-1334108978869,2025-04-30T10:30:00-04:00,2025-11-28 11:30:00-05:00,40.6579777,-73.9940634,https://img.evbuc.com/https%3A%2F%2Fcdn.evbuc.com%2Fimages%2F993044373%2F8938453233%2F1%2Foriginal.20250326-110853?w=1000&auto=format%2Ccompress&q=75&sharp=10&rect=0%2C209%2C974%2C487&s=09abae54dd43a4a86fc19ad988d3d317,1334108978869,"Community & Culture, Health & Fitness, Education",Community & Culture,Health & Fitness,Education
